path,label,start_frame,end_frame,scenario,cam,dataset,source_row,pose_path,backend,frames,zero_pose_frames,mean_confidence
dataset/dataset/chute01/cam1.avi,0,1052,1082,1,1,mcfd,2,fall_benchmark/data/poses/rtmpose/mcfd_t64/dataset__dataset__chute01__cam1__f1052_1082.npz,rtmpose,64,0,0.607156
dataset/dataset/chute01/cam1.avi,1,1083,1113,1,1,mcfd,3,fall_benchmark/data/poses/rtmpose/mcfd_t64/dataset__dataset__chute01__cam1__f1083_1113.npz,rtmpose,64,0,0.376129
dataset/dataset/chute01/cam1.avi,0,1114,1144,1,1,mcfd,4,fall_benchmark/data/poses/rtmpose/mcfd_t64/dataset__dataset__chute01__cam1__f1114_1144.npz,rtmpose,64,0,0.569534
dataset/dataset/chute01/cam2.avi,0,1052,1082,1,2,mcfd,5,fall_benchmark/data/poses/rtmpose/mcfd_t64/dataset__dataset__chute01__cam2__f1052_1082.npz,rtmpose,64,0,0.400472
dataset/dataset/chute01/cam2.avi,1,1083,1113,1,2,mcfd,6,fall_benchmark/data/poses/rtmpose/mcfd_t64/dataset__dataset__chute01__cam2__f1083_1113.npz,rtmpose,64,0,0.295487
dataset/dataset/chute01/cam2.avi,0,1114,1144,1,2,mcfd,7,fall_benchmark/data/poses/rtmpose/mcfd_t64/dataset__dataset__chute01__cam2__f1114_1144.npz,rtmpose,64,0,0.388728
dataset/dataset/chute01/cam3.avi,0,1057,1087,1,3,mcfd,8,fall_benchmark/data/poses/rtmpose/mcfd_t64/dataset__dataset__chute01__cam3__f1057_1087.npz,rtmpose,64,0,0.555058
dataset/dataset/chute01/cam3.avi,1,1088,1118,1,3,mcfd,9,fall_benchmark/data/poses/rtmpose/mcfd_t64/dataset__dataset__chute01__cam3__f1088_1118.npz,rtmpose,64,0,0.335440
dataset/dataset/chute01/cam3.avi,0,1119,1149,1,3,mcfd,10,fall_benchmark/data/poses/rtmpose/mcfd_t64/dataset__dataset__chute01__cam3__f1119_1149.npz,rtmpose,64,0,0.201266
dataset/dataset/chute01/cam4.avi,0,1053,1083,1,4,mcfd,11,fall_benchmark/data/poses/rtmpose/mcfd_t64/dataset__dataset__chute01__cam4__f1053_1083.npz,rtmpose,64,0,0.580709
dataset/dataset/chute01/cam4.avi,1,1084,1114,1,4,mcfd,12,fall_benchmark/data/poses/rtmpose/mcfd_t64/dataset__dataset__chute01__cam4__f1084_1114.npz,rtmpose,64,0,0.274426
dataset/dataset/chute01/cam4.avi,0,1115,1145,1,4,mcfd,13,fall_benchmark/data/poses/rtmpose/mcfd_t64/dataset__dataset__chute01__cam4__f1115_1145.npz,rtmpose,64,0,0.186202
dataset/dataset/chute01/cam5.avi,0,1072,1102,1,5,mcfd,14,fall_benchmark/data/poses/rtmpose/mcfd_t64/dataset__dataset__chute01__cam5__f1072_1102.npz,rtmpose,64,0,0.582835
dataset/dataset/chute01/cam5.avi,1,1103,1133,1,5,mcfd,15,fall_benchmark/data/poses/rtmpose/mcfd_t64/dataset__dataset__chute01__cam5__f1103_1133.npz,rtmpose,64,0,0.479418
dataset/dataset/chute01/cam5.avi,0,1134,1164,1,5,mcfd,16,fall_benchmark/data/poses/rtmpose/mcfd_t64/dataset__dataset__chute01__cam5__f1134_1164.npz,rtmpose,64,0,0.427041
dataset/dataset/chute01/cam6.avi,0,1055,1085,1,6,mcfd,17,fall_benchmark/data/poses/rtmpose/mcfd_t64/dataset__dataset__chute01__cam6__f1055_1085.npz,rtmpose,64,0,0.548851
dataset/dataset/chute01/cam6.avi,1,1086,1116,1,6,mcfd,18,fall_benchmark/data/poses/rtmpose/mcfd_t64/dataset__dataset__chute01__cam6__f1086_1116.npz,rtmpose,64,0,0.333627
dataset/dataset/chute01/cam6.avi,0,1117,1147,1,6,mcfd,19,fall_benchmark/data/poses/rtmpose/mcfd_t64/dataset__dataset__chute01__cam6__f1117_1147.npz,rtmpose,64,0,0.281879
dataset/dataset/chute01/cam7.avi,0,1055,1085,1,7,mcfd,20,fall_benchmark/data/poses/rtmpose/mcfd_t64/dataset__dataset__chute01__cam7__f1055_1085.npz,rtmpose,64,0,0.506118
dataset/dataset/chute01/cam7.avi,1,1086,1116,1,7,mcfd,21,fall_benchmark/data/poses/rtmpose/mcfd_t64/dataset__dataset__chute01__cam7__f1086_1116.npz,rtmpose,64,0,0.541979
dataset/dataset/chute01/cam7.avi,0,1117,1147,1,7,mcfd,22,fall_benchmark/data/poses/rtmpose/mcfd_t64/dataset__dataset__chute01__cam7__f1117_1147.npz,rtmpose,64,0,0.733472
dataset/dataset/chute01/cam8.avi,0,1049,1079,1,8,mcfd,23,fall_benchmark/data/poses/rtmpose/mcfd_t64/dataset__dataset__chute01__cam8__f1049_1079.npz,rtmpose,64,0,0.644290
dataset/dataset/chute01/cam8.avi,1,1080,1110,1,8,mcfd,24,fall_benchmark/data/poses/rtmpose/mcfd_t64/dataset__dataset__chute01__cam8__f1080_1110.npz,rtmpose,64,0,0.604012
dataset/dataset/chute01/cam8.avi,0,1111,1141,1,8,mcfd,25,fall_benchmark/data/poses/rtmpose/mcfd_t64/dataset__dataset__chute01__cam8__f1111_1141.npz,rtmpose,64,0,0.170532
dataset/dataset/chute02/cam1.avi,0,369,399,2,1,mcfd,26,fall_benchmark/data/poses/rtmpose/mcfd_t64/dataset__dataset__chute02__cam1__f369_399.npz,rtmpose,64,0,0.648162
dataset/dataset/chute02/cam1.avi,1,400,430,2,1,mcfd,27,fall_benchmark/data/poses/rtmpose/mcfd_t64/dataset__dataset__chute02__cam1__f400_430.npz,rtmpose,64,0,0.358006
dataset/dataset/chute02/cam1.avi,0,430,460,2,1,mcfd,28,fall_benchmark/data/poses/rtmpose/mcfd_t64/dataset__dataset__chute02__cam1__f430_460.npz,rtmpose,64,0,0.261328
dataset/dataset/chute02/cam2.avi,0,384,414,2,2,mcfd,29,fall_benchmark/data/poses/rtmpose/mcfd_t64/dataset__dataset__chute02__cam2__f384_414.npz,rtmpose,64,0,0.677097
dataset/dataset/chute02/cam2.avi,1,415,445,2,2,mcfd,30,fall_benchmark/data/poses/rtmpose/mcfd_t64/dataset__dataset__chute02__cam2__f415_445.npz,rtmpose,64,0,0.405832
dataset/dataset/chute02/cam2.avi,0,445,475,2,2,mcfd,31,fall_benchmark/data/poses/rtmpose/mcfd_t64/dataset__dataset__chute02__cam2__f445_475.npz,rtmpose,64,0,0.258297
dataset/dataset/chute02/cam3.avi,0,344,374,2,3,mcfd,32,fall_benchmark/data/poses/rtmpose/mcfd_t64/dataset__dataset__chute02__cam3__f344_374.npz,rtmpose,64,0,0.659387
dataset/dataset/chute02/cam3.avi,1,375,405,2,3,mcfd,33,fall_benchmark/data/poses/rtmpose/mcfd_t64/dataset__dataset__chute02__cam3__f375_405.npz,rtmpose,64,0,0.426333
dataset/dataset/chute02/cam3.avi,0,405,435,2,3,mcfd,34,fall_benchmark/data/poses/rtmpose/mcfd_t64/dataset__dataset__chute02__cam3__f405_435.npz,rtmpose,64,0,0.185492
dataset/dataset/chute02/cam4.avi,0,360,390,2,4,mcfd,35,fall_benchmark/data/poses/rtmpose/mcfd_t64/dataset__dataset__chute02__cam4__f360_390.npz,rtmpose,64,0,0.699712
dataset/dataset/chute02/cam4.avi,1,391,421,2,4,mcfd,36,fall_benchmark/data/poses/rtmpose/mcfd_t64/dataset__dataset__chute02__cam4__f391_421.npz,rtmpose,64,0,0.551607
dataset/dataset/chute02/cam4.avi,0,421,451,2,4,mcfd,37,fall_benchmark/data/poses/rtmpose/mcfd_t64/dataset__dataset__chute02__cam4__f421_451.npz,rtmpose,64,0,0.282205
dataset/dataset/chute02/cam5.avi,0,362,392,2,5,mcfd,38,fall_benchmark/data/poses/rtmpose/mcfd_t64/dataset__dataset__chute02__cam5__f362_392.npz,rtmpose,64,0,0.726428
dataset/dataset/chute02/cam5.avi,1,393,423,2,5,mcfd,39,fall_benchmark/data/poses/rtmpose/mcfd_t64/dataset__dataset__chute02__cam5__f393_423.npz,rtmpose,64,0,0.509517
dataset/dataset/chute02/cam5.avi,0,423,453,2,5,mcfd,40,fall_benchmark/data/poses/rtmpose/mcfd_t64/dataset__dataset__chute02__cam5__f423_453.npz,rtmpose,64,0,0.269347
dataset/dataset/chute02/cam6.avi,0,377,407,2,6,mcfd,41,fall_benchmark/data/poses/rtmpose/mcfd_t64/dataset__dataset__chute02__cam6__f377_407.npz,rtmpose,64,0,0.674374
dataset/dataset/chute02/cam6.avi,1,408,438,2,6,mcfd,42,fall_benchmark/data/poses/rtmpose/mcfd_t64/dataset__dataset__chute02__cam6__f408_438.npz,rtmpose,64,0,0.611209
dataset/dataset/chute02/cam6.avi,0,438,468,2,6,mcfd,43,fall_benchmark/data/poses/rtmpose/mcfd_t64/dataset__dataset__chute02__cam6__f438_468.npz,rtmpose,64,0,0.521548
dataset/dataset/chute02/cam7.avi,0,377,407,2,7,mcfd,44,fall_benchmark/data/poses/rtmpose/mcfd_t64/dataset__dataset__chute02__cam7__f377_407.npz,rtmpose,64,0,0.709037
dataset/dataset/chute02/cam7.avi,1,408,438,2,7,mcfd,45,fall_benchmark/data/poses/rtmpose/mcfd_t64/dataset__dataset__chute02__cam7__f408_438.npz,rtmpose,64,0,0.684026
dataset/dataset/chute02/cam7.avi,0,438,468,2,7,mcfd,46,fall_benchmark/data/poses/rtmpose/mcfd_t64/dataset__dataset__chute02__cam7__f438_468.npz,rtmpose,64,0,0.597316
dataset/dataset/chute02/cam8.avi,0,350,380,2,8,mcfd,47,fall_benchmark/data/poses/rtmpose/mcfd_t64/dataset__dataset__chute02__cam8__f350_380.npz,rtmpose,64,0,0.694762
dataset/dataset/chute02/cam8.avi,1,381,411,2,8,mcfd,48,fall_benchmark/data/poses/rtmpose/mcfd_t64/dataset__dataset__chute02__cam8__f381_411.npz,rtmpose,64,0,0.718692
dataset/dataset/chute02/cam8.avi,0,411,441,2,8,mcfd,49,fall_benchmark/data/poses/rtmpose/mcfd_t64/dataset__dataset__chute02__cam8__f411_441.npz,rtmpose,64,0,0.188744
dataset/dataset/chute03/cam1.avi,0,572,602,3,1,mcfd,50,fall_benchmark/data/poses/rtmpose/mcfd_t64/dataset__dataset__chute03__cam1__f572_602.npz,rtmpose,64,0,0.705527
dataset/dataset/chute03/cam1.avi,1,603,633,3,1,mcfd,51,fall_benchmark/data/poses/rtmpose/mcfd_t64/dataset__dataset__chute03__cam1__f603_633.npz,rtmpose,64,0,0.711708
dataset/dataset/chute03/cam2.avi,0,576,606,3,2,mcfd,52,fall_benchmark/data/poses/rtmpose/mcfd_t64/dataset__dataset__chute03__cam2__f576_606.npz,rtmpose,64,0,0.698759
dataset/dataset/chute03/cam2.avi,1,607,637,3,2,mcfd,53,fall_benchmark/data/poses/rtmpose/mcfd_t64/dataset__dataset__chute03__cam2__f607_637.npz,rtmpose,64,0,0.659610
dataset/dataset/chute03/cam3.avi,0,568,598,3,3,mcfd,54,fall_benchmark/data/poses/rtmpose/mcfd_t64/dataset__dataset__chute03__cam3__f568_598.npz,rtmpose,64,0,0.661672
dataset/dataset/chute03/cam3.avi,1,599,629,3,3,mcfd,55,fall_benchmark/data/poses/rtmpose/mcfd_t64/dataset__dataset__chute03__cam3__f599_629.npz,rtmpose,64,0,0.532547
dataset/dataset/chute03/cam4.avi,0,576,606,3,4,mcfd,56,fall_benchmark/data/poses/rtmpose/mcfd_t64/dataset__dataset__chute03__cam4__f576_606.npz,rtmpose,64,0,0.686647
dataset/dataset/chute03/cam4.avi,1,607,637,3,4,mcfd,57,fall_benchmark/data/poses/rtmpose/mcfd_t64/dataset__dataset__chute03__cam4__f607_637.npz,rtmpose,64,0,0.518823
dataset/dataset/chute03/cam5.avi,0,595,625,3,5,mcfd,58,fall_benchmark/data/poses/rtmpose/mcfd_t64/dataset__dataset__chute03__cam5__f595_625.npz,rtmpose,64,0,0.738837
dataset/dataset/chute03/cam5.avi,1,626,656,3,5,mcfd,59,fall_benchmark/data/poses/rtmpose/mcfd_t64/dataset__dataset__chute03__cam5__f626_656.npz,rtmpose,64,0,0.697825
dataset/dataset/chute03/cam6.avi,0,580,610,3,6,mcfd,60,fall_benchmark/data/poses/rtmpose/mcfd_t64/dataset__dataset__chute03__cam6__f580_610.npz,rtmpose,64,0,0.707905
dataset/dataset/chute03/cam6.avi,1,611,641,3,6,mcfd,61,fall_benchmark/data/poses/rtmpose/mcfd_t64/dataset__dataset__chute03__cam6__f611_641.npz,rtmpose,64,0,0.511193
dataset/dataset/chute03/cam7.avi,0,580,610,3,7,mcfd,62,fall_benchmark/data/poses/rtmpose/mcfd_t64/dataset__dataset__chute03__cam7__f580_610.npz,rtmpose,64,0,0.660533
dataset/dataset/chute03/cam7.avi,1,611,641,3,7,mcfd,63,fall_benchmark/data/poses/rtmpose/mcfd_t64/dataset__dataset__chute03__cam7__f611_641.npz,rtmpose,64,0,0.580793
dataset/dataset/chute03/cam8.avi,0,560,590,3,8,mcfd,64,fall_benchmark/data/poses/rtmpose/mcfd_t64/dataset__dataset__chute03__cam8__f560_590.npz,rtmpose,64,0,0.666170
dataset/dataset/chute03/cam8.avi,1,591,621,3,8,mcfd,65,fall_benchmark/data/poses/rtmpose/mcfd_t64/dataset__dataset__chute03__cam8__f591_621.npz,rtmpose,64,0,0.679724
dataset/dataset/chute04/cam1.avi,0,329,359,4,1,mcfd,66,fall_benchmark/data/poses/rtmpose/mcfd_t64/dataset__dataset__chute04__cam1__f329_359.npz,rtmpose,64,0,0.615502
dataset/dataset/chute04/cam1.avi,1,360,390,4,1,mcfd,67,fall_benchmark/data/poses/rtmpose/mcfd_t64/dataset__dataset__chute04__cam1__f360_390.npz,rtmpose,64,0,0.345456
dataset/dataset/chute04/cam1.avi,0,391,421,4,1,mcfd,68,fall_benchmark/data/poses/rtmpose/mcfd_t64/dataset__dataset__chute04__cam1__f391_421.npz,rtmpose,64,0,0.235663
dataset/dataset/chute04/cam1.avi,1,676,706,4,1,mcfd,69,fall_benchmark/data/poses/rtmpose/mcfd_t64/dataset__dataset__chute04__cam1__f676_706.npz,rtmpose,64,0,0.186226
dataset/dataset/chute04/cam1.avi,0,707,737,4,1,mcfd,70,fall_benchmark/data/poses/rtmpose/mcfd_t64/dataset__dataset__chute04__cam1__f707_737.npz,rtmpose,64,0,0.197021
dataset/dataset/chute04/cam2.avi,0,336,366,4,2,mcfd,71,fall_benchmark/data/poses/rtmpose/mcfd_t64/dataset__dataset__chute04__cam2__f336_366.npz,rtmpose,64,0,0.632254
dataset/dataset/chute04/cam2.avi,1,367,397,4,2,mcfd,72,fall_benchmark/data/poses/rtmpose/mcfd_t64/dataset__dataset__chute04__cam2__f367_397.npz,rtmpose,64,0,0.458784
dataset/dataset/chute04/cam2.avi,0,398,428,4,2,mcfd,73,fall_benchmark/data/poses/rtmpose/mcfd_t64/dataset__dataset__chute04__cam2__f398_428.npz,rtmpose,64,0,0.214343
dataset/dataset/chute04/cam2.avi,1,683,713,4,2,mcfd,74,fall_benchmark/data/poses/rtmpose/mcfd_t64/dataset__dataset__chute04__cam2__f683_713.npz,rtmpose,64,0,0.429060
dataset/dataset/chute04/cam2.avi,0,714,744,4,2,mcfd,75,fall_benchmark/data/poses/rtmpose/mcfd_t64/dataset__dataset__chute04__cam2__f714_744.npz,rtmpose,64,0,0.565246
dataset/dataset/chute04/cam3.avi,0,335,365,4,3,mcfd,76,fall_benchmark/data/poses/rtmpose/mcfd_t64/dataset__dataset__chute04__cam3__f335_365.npz,rtmpose,64,0,0.657997
dataset/dataset/chute04/cam3.avi,1,366,396,4,3,mcfd,77,fall_benchmark/data/poses/rtmpose/mcfd_t64/dataset__dataset__chute04__cam3__f366_396.npz,rtmpose,64,0,0.497217
dataset/dataset/chute04/cam3.avi,0,397,427,4,3,mcfd,78,fall_benchmark/data/poses/rtmpose/mcfd_t64/dataset__dataset__chute04__cam3__f397_427.npz,rtmpose,64,0,0.148897
dataset/dataset/chute04/cam3.avi,1,682,712,4,3,mcfd,79,fall_benchmark/data/poses/rtmpose/mcfd_t64/dataset__dataset__chute04__cam3__f682_712.npz,rtmpose,64,0,0.158507
dataset/dataset/chute04/cam3.avi,0,713,743,4,3,mcfd,80,fall_benchmark/data/poses/rtmpose/mcfd_t64/dataset__dataset__chute04__cam3__f713_743.npz,rtmpose,64,0,0.440281
dataset/dataset/chute04/cam4.avi,0,257,287,4,4,mcfd,81,fall_benchmark/data/poses/rtmpose/mcfd_t64/dataset__dataset__chute04__cam4__f257_287.npz,rtmpose,64,0,0.690715
dataset/dataset/chute04/cam4.avi,1,288,318,4,4,mcfd,82,fall_benchmark/data/poses/rtmpose/mcfd_t64/dataset__dataset__chute04__cam4__f288_318.npz,rtmpose,64,0,0.561918
dataset/dataset/chute04/cam4.avi,0,319,349,4,4,mcfd,83,fall_benchmark/data/poses/rtmpose/mcfd_t64/dataset__dataset__chute04__cam4__f319_349.npz,rtmpose,64,0,0.195660
dataset/dataset/chute04/cam4.avi,1,604,634,4,4,mcfd,84,fall_benchmark/data/poses/rtmpose/mcfd_t64/dataset__dataset__chute04__cam4__f604_634.npz,rtmpose,64,0,0.543574
dataset/dataset/chute04/cam4.avi,0,635,665,4,4,mcfd,85,fall_benchmark/data/poses/rtmpose/mcfd_t64/dataset__dataset__chute04__cam4__f635_665.npz,rtmpose,64,0,0.200920
dataset/dataset/chute04/cam5.avi,0,325,355,4,5,mcfd,86,fall_benchmark/data/poses/rtmpose/mcfd_t64/dataset__dataset__chute04__cam5__f325_355.npz,rtmpose,64,0,0.690537
dataset/dataset/chute04/cam5.avi,1,356,386,4,5,mcfd,87,fall_benchmark/data/poses/rtmpose/mcfd_t64/dataset__dataset__chute04__cam5__f356_386.npz,rtmpose,64,0,0.437093
dataset/dataset/chute04/cam5.avi,0,387,417,4,5,mcfd,88,fall_benchmark/data/poses/rtmpose/mcfd_t64/dataset__dataset__chute04__cam5__f387_417.npz,rtmpose,64,0,0.195509
dataset/dataset/chute04/cam5.avi,1,672,702,4,5,mcfd,89,fall_benchmark/data/poses/rtmpose/mcfd_t64/dataset__dataset__chute04__cam5__f672_702.npz,rtmpose,64,0,0.374843
dataset/dataset/chute04/cam5.avi,0,703,733,4,5,mcfd,90,fall_benchmark/data/poses/rtmpose/mcfd_t64/dataset__dataset__chute04__cam5__f703_733.npz,rtmpose,64,0,0.203746
dataset/dataset/chute04/cam6.avi,0,339,369,4,6,mcfd,91,fall_benchmark/data/poses/rtmpose/mcfd_t64/dataset__dataset__chute04__cam6__f339_369.npz,rtmpose,64,0,0.620000
dataset/dataset/chute04/cam6.avi,1,370,400,4,6,mcfd,92,fall_benchmark/data/poses/rtmpose/mcfd_t64/dataset__dataset__chute04__cam6__f370_400.npz,rtmpose,64,0,0.604997
dataset/dataset/chute04/cam6.avi,0,401,431,4,6,mcfd,93,fall_benchmark/data/poses/rtmpose/mcfd_t64/dataset__dataset__chute04__cam6__f401_431.npz,rtmpose,64,0,0.340556
dataset/dataset/chute04/cam6.avi,1,686,716,4,6,mcfd,94,fall_benchmark/data/poses/rtmpose/mcfd_t64/dataset__dataset__chute04__cam6__f686_716.npz,rtmpose,64,0,0.503895
dataset/dataset/chute04/cam6.avi,0,717,747,4,6,mcfd,95,fall_benchmark/data/poses/rtmpose/mcfd_t64/dataset__dataset__chute04__cam6__f717_747.npz,rtmpose,64,0,0.325153
dataset/dataset/chute04/cam7.avi,0,340,370,4,7,mcfd,96,fall_benchmark/data/poses/rtmpose/mcfd_t64/dataset__dataset__chute04__cam7__f340_370.npz,rtmpose,64,0,0.451843
dataset/dataset/chute04/cam7.avi,1,371,401,4,7,mcfd,97,fall_benchmark/data/poses/rtmpose/mcfd_t64/dataset__dataset__chute04__cam7__f371_401.npz,rtmpose,64,0,0.761803
dataset/dataset/chute04/cam7.avi,0,402,432,4,7,mcfd,98,fall_benchmark/data/poses/rtmpose/mcfd_t64/dataset__dataset__chute04__cam7__f402_432.npz,rtmpose,64,0,0.723246
dataset/dataset/chute04/cam7.avi,1,687,717,4,7,mcfd,99,fall_benchmark/data/poses/rtmpose/mcfd_t64/dataset__dataset__chute04__cam7__f687_717.npz,rtmpose,64,0,0.583923
dataset/dataset/chute04/cam7.avi,0,718,748,4,7,mcfd,100,fall_benchmark/data/poses/rtmpose/mcfd_t64/dataset__dataset__chute04__cam7__f718_748.npz,rtmpose,64,0,0.562181
dataset/dataset/chute04/cam8.avi,0,313,343,4,8,mcfd,101,fall_benchmark/data/poses/rtmpose/mcfd_t64/dataset__dataset__chute04__cam8__f313_343.npz,rtmpose,64,0,0.691240
dataset/dataset/chute04/cam8.avi,1,344,374,4,8,mcfd,102,fall_benchmark/data/poses/rtmpose/mcfd_t64/dataset__dataset__chute04__cam8__f344_374.npz,rtmpose,64,0,0.686208
dataset/dataset/chute04/cam8.avi,0,375,405,4,8,mcfd,103,fall_benchmark/data/poses/rtmpose/mcfd_t64/dataset__dataset__chute04__cam8__f375_405.npz,rtmpose,64,0,0.221566
dataset/dataset/chute04/cam8.avi,1,660,690,4,8,mcfd,104,fall_benchmark/data/poses/rtmpose/mcfd_t64/dataset__dataset__chute04__cam8__f660_690.npz,rtmpose,64,0,0.449840
dataset/dataset/chute04/cam8.avi,0,691,721,4,8,mcfd,105,fall_benchmark/data/poses/rtmpose/mcfd_t64/dataset__dataset__chute04__cam8__f691_721.npz,rtmpose,64,0,0.434236
dataset/dataset/chute05/cam1.avi,1,326,356,5,1,mcfd,106,fall_benchmark/data/poses/rtmpose/mcfd_t64/dataset__dataset__chute05__cam1__f326_356.npz,rtmpose,64,0,0.318681
dataset/dataset/chute05/cam1.avi,0,357,387,5,1,mcfd,107,fall_benchmark/data/poses/rtmpose/mcfd_t64/dataset__dataset__chute05__cam1__f357_387.npz,rtmpose,64,0,0.220617
dataset/dataset/chute05/cam2.avi,1,333,363,5,2,mcfd,108,fall_benchmark/data/poses/rtmpose/mcfd_t64/dataset__dataset__chute05__cam2__f333_363.npz,rtmpose,64,0,0.424258
dataset/dataset/chute05/cam2.avi,0,364,394,5,2,mcfd,109,fall_benchmark/data/poses/rtmpose/mcfd_t64/dataset__dataset__chute05__cam2__f364_394.npz,rtmpose,64,0,0.242868
dataset/dataset/chute05/cam3.avi,1,314,344,5,3,mcfd,110,fall_benchmark/data/poses/rtmpose/mcfd_t64/dataset__dataset__chute05__cam3__f314_344.npz,rtmpose,64,0,0.510161
dataset/dataset/chute05/cam3.avi,0,345,375,5,3,mcfd,111,fall_benchmark/data/poses/rtmpose/mcfd_t64/dataset__dataset__chute05__cam3__f345_375.npz,rtmpose,64,0,0.154817
dataset/dataset/chute05/cam4.avi,1,320,350,5,4,mcfd,112,fall_benchmark/data/poses/rtmpose/mcfd_t64/dataset__dataset__chute05__cam4__f320_350.npz,rtmpose,64,0,0.602654
dataset/dataset/chute05/cam4.avi,0,351,381,5,4,mcfd,113,fall_benchmark/data/poses/rtmpose/mcfd_t64/dataset__dataset__chute05__cam4__f351_381.npz,rtmpose,64,0,0.214154
dataset/dataset/chute05/cam5.avi,1,327,357,5,5,mcfd,114,fall_benchmark/data/poses/rtmpose/mcfd_t64/dataset__dataset__chute05__cam5__f327_357.npz,rtmpose,64,0,0.416494
dataset/dataset/chute05/cam5.avi,0,358,388,5,5,mcfd,115,fall_benchmark/data/poses/rtmpose/mcfd_t64/dataset__dataset__chute05__cam5__f358_388.npz,rtmpose,64,0,0.205409
dataset/dataset/chute05/cam6.avi,1,335,365,5,6,mcfd,116,fall_benchmark/data/poses/rtmpose/mcfd_t64/dataset__dataset__chute05__cam6__f335_365.npz,rtmpose,64,0,0.677963
dataset/dataset/chute05/cam6.avi,0,366,396,5,6,mcfd,117,fall_benchmark/data/poses/rtmpose/mcfd_t64/dataset__dataset__chute05__cam6__f366_396.npz,rtmpose,64,0,0.623271
dataset/dataset/chute05/cam7.avi,1,337,367,5,7,mcfd,118,fall_benchmark/data/poses/rtmpose/mcfd_t64/dataset__dataset__chute05__cam7__f337_367.npz,rtmpose,64,0,0.546314
dataset/dataset/chute05/cam7.avi,0,368,398,5,7,mcfd,119,fall_benchmark/data/poses/rtmpose/mcfd_t64/dataset__dataset__chute05__cam7__f368_398.npz,rtmpose,64,0,0.640555
dataset/dataset/chute05/cam8.avi,1,309,339,5,8,mcfd,120,fall_benchmark/data/poses/rtmpose/mcfd_t64/dataset__dataset__chute05__cam8__f309_339.npz,rtmpose,64,0,0.484094
dataset/dataset/chute05/cam8.avi,0,340,370,5,8,mcfd,121,fall_benchmark/data/poses/rtmpose/mcfd_t64/dataset__dataset__chute05__cam8__f340_370.npz,rtmpose,64,0,0.157363
dataset/dataset/chute06/cam1.avi,0,532,562,6,1,mcfd,122,fall_benchmark/data/poses/rtmpose/mcfd_t64/dataset__dataset__chute06__cam1__f532_562.npz,rtmpose,64,0,0.711692
dataset/dataset/chute06/cam1.avi,1,583,613,6,1,mcfd,123,fall_benchmark/data/poses/rtmpose/mcfd_t64/dataset__dataset__chute06__cam1__f583_613.npz,rtmpose,64,0,0.699605
dataset/dataset/chute06/cam1.avi,1,603,633,6,1,mcfd,124,fall_benchmark/data/poses/rtmpose/mcfd_t64/dataset__dataset__chute06__cam1__f603_633.npz,rtmpose,64,0,0.787289
dataset/dataset/chute06/cam1.avi,0,640,670,6,1,mcfd,125,fall_benchmark/data/poses/rtmpose/mcfd_t64/dataset__dataset__chute06__cam1__f640_670.npz,rtmpose,64,0,0.790580
dataset/dataset/chute06/cam2.avi,0,632,662,6,2,mcfd,126,fall_benchmark/data/poses/rtmpose/mcfd_t64/dataset__dataset__chute06__cam2__f632_662.npz,rtmpose,64,0,0.667358
dataset/dataset/chute06/cam2.avi,1,683,713,6,2,mcfd,127,fall_benchmark/data/poses/rtmpose/mcfd_t64/dataset__dataset__chute06__cam2__f683_713.npz,rtmpose,64,0,0.553670
dataset/dataset/chute06/cam2.avi,1,703,733,6,2,mcfd,128,fall_benchmark/data/poses/rtmpose/mcfd_t64/dataset__dataset__chute06__cam2__f703_733.npz,rtmpose,64,0,0.646106
dataset/dataset/chute06/cam2.avi,0,740,770,6,2,mcfd,129,fall_benchmark/data/poses/rtmpose/mcfd_t64/dataset__dataset__chute06__cam2__f740_770.npz,rtmpose,64,0,0.879727
dataset/dataset/chute06/cam3.avi,0,638,668,6,3,mcfd,130,fall_benchmark/data/poses/rtmpose/mcfd_t64/dataset__dataset__chute06__cam3__f638_668.npz,rtmpose,64,0,0.626491
dataset/dataset/chute06/cam3.avi,1,689,719,6,3,mcfd,131,fall_benchmark/data/poses/rtmpose/mcfd_t64/dataset__dataset__chute06__cam3__f689_719.npz,rtmpose,64,0,0.621213
dataset/dataset/chute06/cam3.avi,1,709,739,6,3,mcfd,132,fall_benchmark/data/poses/rtmpose/mcfd_t64/dataset__dataset__chute06__cam3__f709_739.npz,rtmpose,64,0,0.317906
dataset/dataset/chute06/cam3.avi,0,746,776,6,3,mcfd,133,fall_benchmark/data/poses/rtmpose/mcfd_t64/dataset__dataset__chute06__cam3__f746_776.npz,rtmpose,64,0,0.160138
dataset/dataset/chute06/cam4.avi,0,622,652,6,4,mcfd,134,fall_benchmark/data/poses/rtmpose/mcfd_t64/dataset__dataset__chute06__cam4__f622_652.npz,rtmpose,64,0,0.700108
dataset/dataset/chute06/cam4.avi,1,673,703,6,4,mcfd,135,fall_benchmark/data/poses/rtmpose/mcfd_t64/dataset__dataset__chute06__cam4__f673_703.npz,rtmpose,64,0,0.543309
dataset/dataset/chute06/cam4.avi,1,693,723,6,4,mcfd,136,fall_benchmark/data/poses/rtmpose/mcfd_t64/dataset__dataset__chute06__cam4__f693_723.npz,rtmpose,64,0,0.323383
dataset/dataset/chute06/cam4.avi,0,730,760,6,4,mcfd,137,fall_benchmark/data/poses/rtmpose/mcfd_t64/dataset__dataset__chute06__cam4__f730_760.npz,rtmpose,64,0,0.197013
dataset/dataset/chute06/cam5.avi,0,622,652,6,5,mcfd,138,fall_benchmark/data/poses/rtmpose/mcfd_t64/dataset__dataset__chute06__cam5__f622_652.npz,rtmpose,64,0,0.659864
dataset/dataset/chute06/cam5.avi,1,673,703,6,5,mcfd,139,fall_benchmark/data/poses/rtmpose/mcfd_t64/dataset__dataset__chute06__cam5__f673_703.npz,rtmpose,64,0,0.809230
dataset/dataset/chute06/cam5.avi,1,693,723,6,5,mcfd,140,fall_benchmark/data/poses/rtmpose/mcfd_t64/dataset__dataset__chute06__cam5__f693_723.npz,rtmpose,64,0,0.695571
dataset/dataset/chute06/cam5.avi,0,730,760,6,5,mcfd,141,fall_benchmark/data/poses/rtmpose/mcfd_t64/dataset__dataset__chute06__cam5__f730_760.npz,rtmpose,64,0,0.597331
dataset/dataset/chute06/cam6.avi,0,635,665,6,6,mcfd,142,fall_benchmark/data/poses/rtmpose/mcfd_t64/dataset__dataset__chute06__cam6__f635_665.npz,rtmpose,64,0,0.692894
dataset/dataset/chute06/cam6.avi,1,686,716,6,6,mcfd,143,fall_benchmark/data/poses/rtmpose/mcfd_t64/dataset__dataset__chute06__cam6__f686_716.npz,rtmpose,64,0,0.489947
dataset/dataset/chute06/cam6.avi,1,706,736,6,6,mcfd,144,fall_benchmark/data/poses/rtmpose/mcfd_t64/dataset__dataset__chute06__cam6__f706_736.npz,rtmpose,64,0,0.297850
dataset/dataset/chute06/cam6.avi,0,743,773,6,6,mcfd,145,fall_benchmark/data/poses/rtmpose/mcfd_t64/dataset__dataset__chute06__cam6__f743_773.npz,rtmpose,64,0,0.218528
dataset/dataset/chute06/cam7.avi,0,635,665,6,7,mcfd,146,fall_benchmark/data/poses/rtmpose/mcfd_t64/dataset__dataset__chute06__cam7__f635_665.npz,rtmpose,64,0,0.766892
dataset/dataset/chute06/cam7.avi,1,686,716,6,7,mcfd,147,fall_benchmark/data/poses/rtmpose/mcfd_t64/dataset__dataset__chute06__cam7__f686_716.npz,rtmpose,64,0,0.589532
dataset/dataset/chute06/cam7.avi,1,706,736,6,7,mcfd,148,fall_benchmark/data/poses/rtmpose/mcfd_t64/dataset__dataset__chute06__cam7__f706_736.npz,rtmpose,64,0,0.688188
dataset/dataset/chute06/cam7.avi,0,743,773,6,7,mcfd,149,fall_benchmark/data/poses/rtmpose/mcfd_t64/dataset__dataset__chute06__cam7__f743_773.npz,rtmpose,64,0,0.832128
dataset/dataset/chute06/cam8.avi,0,621,651,6,8,mcfd,150,fall_benchmark/data/poses/rtmpose/mcfd_t64/dataset__dataset__chute06__cam8__f621_651.npz,rtmpose,64,0,0.725483
dataset/dataset/chute06/cam8.avi,1,672,702,6,8,mcfd,151,fall_benchmark/data/poses/rtmpose/mcfd_t64/dataset__dataset__chute06__cam8__f672_702.npz,rtmpose,64,0,0.782250
dataset/dataset/chute06/cam8.avi,1,692,722,6,8,mcfd,152,fall_benchmark/data/poses/rtmpose/mcfd_t64/dataset__dataset__chute06__cam8__f692_722.npz,rtmpose,64,0,0.784915
dataset/dataset/chute06/cam8.avi,0,729,759,6,8,mcfd,153,fall_benchmark/data/poses/rtmpose/mcfd_t64/dataset__dataset__chute06__cam8__f729_759.npz,rtmpose,64,0,0.662507
dataset/dataset/chute07/cam1.avi,0,473,503,7,1,mcfd,154,fall_benchmark/data/poses/rtmpose/mcfd_t64/dataset__dataset__chute07__cam1__f473_503.npz,rtmpose,64,0,0.614924
dataset/dataset/chute07/cam1.avi,1,504,534,7,1,mcfd,155,fall_benchmark/data/poses/rtmpose/mcfd_t64/dataset__dataset__chute07__cam1__f504_534.npz,rtmpose,64,0,0.467066
dataset/dataset/chute07/cam2.avi,0,460,490,7,2,mcfd,156,fall_benchmark/data/poses/rtmpose/mcfd_t64/dataset__dataset__chute07__cam2__f460_490.npz,rtmpose,64,0,0.631518
dataset/dataset/chute07/cam2.avi,1,491,521,7,2,mcfd,157,fall_benchmark/data/poses/rtmpose/mcfd_t64/dataset__dataset__chute07__cam2__f491_521.npz,rtmpose,64,0,0.539878
dataset/dataset/chute07/cam3.avi,0,460,490,7,3,mcfd,158,fall_benchmark/data/poses/rtmpose/mcfd_t64/dataset__dataset__chute07__cam3__f460_490.npz,rtmpose,64,0,0.704913
dataset/dataset/chute07/cam3.avi,1,491,521,7,3,mcfd,159,fall_benchmark/data/poses/rtmpose/mcfd_t64/dataset__dataset__chute07__cam3__f491_521.npz,rtmpose,64,0,0.657248
dataset/dataset/chute07/cam4.avi,0,445,475,7,4,mcfd,160,fall_benchmark/data/poses/rtmpose/mcfd_t64/dataset__dataset__chute07__cam4__f445_475.npz,rtmpose,64,0,0.709640
dataset/dataset/chute07/cam4.avi,1,476,506,7,4,mcfd,161,fall_benchmark/data/poses/rtmpose/mcfd_t64/dataset__dataset__chute07__cam4__f476_506.npz,rtmpose,64,0,0.687596
dataset/dataset/chute07/cam5.avi,0,463,493,7,5,mcfd,162,fall_benchmark/data/poses/rtmpose/mcfd_t64/dataset__dataset__chute07__cam5__f463_493.npz,rtmpose,64,0,0.688291
dataset/dataset/chute07/cam5.avi,1,494,524,7,5,mcfd,163,fall_benchmark/data/poses/rtmpose/mcfd_t64/dataset__dataset__chute07__cam5__f494_524.npz,rtmpose,64,0,0.291934
dataset/dataset/chute07/cam6.avi,0,463,493,7,6,mcfd,164,fall_benchmark/data/poses/rtmpose/mcfd_t64/dataset__dataset__chute07__cam6__f463_493.npz,rtmpose,64,0,0.646543
dataset/dataset/chute07/cam6.avi,1,494,524,7,6,mcfd,165,fall_benchmark/data/poses/rtmpose/mcfd_t64/dataset__dataset__chute07__cam6__f494_524.npz,rtmpose,64,0,0.705611
dataset/dataset/chute07/cam7.avi,0,463,493,7,7,mcfd,166,fall_benchmark/data/poses/rtmpose/mcfd_t64/dataset__dataset__chute07__cam7__f463_493.npz,rtmpose,64,0,0.740895
dataset/dataset/chute07/cam7.avi,1,494,524,7,7,mcfd,167,fall_benchmark/data/poses/rtmpose/mcfd_t64/dataset__dataset__chute07__cam7__f494_524.npz,rtmpose,64,0,0.775583
dataset/dataset/chute07/cam8.avi,0,463,493,7,8,mcfd,168,fall_benchmark/data/poses/rtmpose/mcfd_t64/dataset__dataset__chute07__cam8__f463_493.npz,rtmpose,64,0,0.744773
dataset/dataset/chute07/cam8.avi,1,494,524,7,8,mcfd,169,fall_benchmark/data/poses/rtmpose/mcfd_t64/dataset__dataset__chute07__cam8__f494_524.npz,rtmpose,64,0,0.714714
dataset/dataset/chute08/cam1.avi,0,332,362,8,1,mcfd,170,fall_benchmark/data/poses/rtmpose/mcfd_t64/dataset__dataset__chute08__cam1__f332_362.npz,rtmpose,64,0,0.722572
dataset/dataset/chute08/cam1.avi,1,363,393,8,1,mcfd,171,fall_benchmark/data/poses/rtmpose/mcfd_t64/dataset__dataset__chute08__cam1__f363_393.npz,rtmpose,64,0,0.512316
dataset/dataset/chute08/cam2.avi,0,319,349,8,2,mcfd,172,fall_benchmark/data/poses/rtmpose/mcfd_t64/dataset__dataset__chute08__cam2__f319_349.npz,rtmpose,64,0,0.619348
dataset/dataset/chute08/cam2.avi,1,350,380,8,2,mcfd,173,fall_benchmark/data/poses/rtmpose/mcfd_t64/dataset__dataset__chute08__cam2__f350_380.npz,rtmpose,64,0,0.460635
dataset/dataset/chute08/cam3.avi,0,240,270,8,3,mcfd,174,fall_benchmark/data/poses/rtmpose/mcfd_t64/dataset__dataset__chute08__cam3__f240_270.npz,rtmpose,64,0,0.606612
dataset/dataset/chute08/cam3.avi,1,271,301,8,3,mcfd,175,fall_benchmark/data/poses/rtmpose/mcfd_t64/dataset__dataset__chute08__cam3__f271_301.npz,rtmpose,64,0,0.356107
dataset/dataset/chute08/cam4.avi,0,321,351,8,4,mcfd,176,fall_benchmark/data/poses/rtmpose/mcfd_t64/dataset__dataset__chute08__cam4__f321_351.npz,rtmpose,64,0,0.688142
dataset/dataset/chute08/cam4.avi,1,352,382,8,4,mcfd,177,fall_benchmark/data/poses/rtmpose/mcfd_t64/dataset__dataset__chute08__cam4__f352_382.npz,rtmpose,64,0,0.422098
dataset/dataset/chute08/cam5.avi,0,304,334,8,5,mcfd,178,fall_benchmark/data/poses/rtmpose/mcfd_t64/dataset__dataset__chute08__cam5__f304_334.npz,rtmpose,64,0,0.733356
dataset/dataset/chute08/cam5.avi,1,335,365,8,5,mcfd,179,fall_benchmark/data/poses/rtmpose/mcfd_t64/dataset__dataset__chute08__cam5__f335_365.npz,rtmpose,64,0,0.517172
dataset/dataset/chute08/cam6.avi,0,321,351,8,6,mcfd,180,fall_benchmark/data/poses/rtmpose/mcfd_t64/dataset__dataset__chute08__cam6__f321_351.npz,rtmpose,64,0,0.706674
dataset/dataset/chute08/cam6.avi,1,352,382,8,6,mcfd,181,fall_benchmark/data/poses/rtmpose/mcfd_t64/dataset__dataset__chute08__cam6__f352_382.npz,rtmpose,64,0,0.534759
dataset/dataset/chute08/cam7.avi,0,321,351,8,7,mcfd,182,fall_benchmark/data/poses/rtmpose/mcfd_t64/dataset__dataset__chute08__cam7__f321_351.npz,rtmpose,64,0,0.663100
dataset/dataset/chute08/cam7.avi,1,352,382,8,7,mcfd,183,fall_benchmark/data/poses/rtmpose/mcfd_t64/dataset__dataset__chute08__cam7__f352_382.npz,rtmpose,64,0,0.754489
dataset/dataset/chute08/cam8.avi,0,296,326,8,8,mcfd,184,fall_benchmark/data/poses/rtmpose/mcfd_t64/dataset__dataset__chute08__cam8__f296_326.npz,rtmpose,64,0,0.791136
dataset/dataset/chute08/cam8.avi,1,327,357,8,8,mcfd,185,fall_benchmark/data/poses/rtmpose/mcfd_t64/dataset__dataset__chute08__cam8__f327_357.npz,rtmpose,64,0,0.804021
dataset/dataset/chute09/cam1.avi,0,612,642,9,1,mcfd,186,fall_benchmark/data/poses/rtmpose/mcfd_t64/dataset__dataset__chute09__cam1__f612_642.npz,rtmpose,64,0,0.641361
dataset/dataset/chute09/cam1.avi,1,643,673,9,1,mcfd,187,fall_benchmark/data/poses/rtmpose/mcfd_t64/dataset__dataset__chute09__cam1__f643_673.npz,rtmpose,64,0,0.582813
dataset/dataset/chute09/cam1.avi,0,674,704,9,1,mcfd,188,fall_benchmark/data/poses/rtmpose/mcfd_t64/dataset__dataset__chute09__cam1__f674_704.npz,rtmpose,64,0,0.298570
dataset/dataset/chute09/cam2.avi,0,603,633,9,2,mcfd,189,fall_benchmark/data/poses/rtmpose/mcfd_t64/dataset__dataset__chute09__cam2__f603_633.npz,rtmpose,64,0,0.578604
dataset/dataset/chute09/cam2.avi,1,634,664,9,2,mcfd,190,fall_benchmark/data/poses/rtmpose/mcfd_t64/dataset__dataset__chute09__cam2__f634_664.npz,rtmpose,64,0,0.735998
dataset/dataset/chute09/cam2.avi,0,665,695,9,2,mcfd,191,fall_benchmark/data/poses/rtmpose/mcfd_t64/dataset__dataset__chute09__cam2__f665_695.npz,rtmpose,64,0,0.493949
dataset/dataset/chute09/cam3.avi,0,594,624,9,3,mcfd,192,fall_benchmark/data/poses/rtmpose/mcfd_t64/dataset__dataset__chute09__cam3__f594_624.npz,rtmpose,64,0,0.268844
dataset/dataset/chute09/cam3.avi,1,625,655,9,3,mcfd,193,fall_benchmark/data/poses/rtmpose/mcfd_t64/dataset__dataset__chute09__cam3__f625_655.npz,rtmpose,64,0,0.547996
dataset/dataset/chute09/cam3.avi,0,656,686,9,3,mcfd,194,fall_benchmark/data/poses/rtmpose/mcfd_t64/dataset__dataset__chute09__cam3__f656_686.npz,rtmpose,64,0,0.211540
dataset/dataset/chute09/cam4.avi,0,612,642,9,4,mcfd,195,fall_benchmark/data/poses/rtmpose/mcfd_t64/dataset__dataset__chute09__cam4__f612_642.npz,rtmpose,64,0,0.213137
dataset/dataset/chute09/cam4.avi,1,643,673,9,4,mcfd,196,fall_benchmark/data/poses/rtmpose/mcfd_t64/dataset__dataset__chute09__cam4__f643_673.npz,rtmpose,64,0,0.366681
dataset/dataset/chute09/cam4.avi,0,674,704,9,4,mcfd,197,fall_benchmark/data/poses/rtmpose/mcfd_t64/dataset__dataset__chute09__cam4__f674_704.npz,rtmpose,64,0,0.203154
dataset/dataset/chute09/cam5.avi,0,606,636,9,5,mcfd,198,fall_benchmark/data/poses/rtmpose/mcfd_t64/dataset__dataset__chute09__cam5__f606_636.npz,rtmpose,64,0,0.623038
dataset/dataset/chute09/cam5.avi,1,637,667,9,5,mcfd,199,fall_benchmark/data/poses/rtmpose/mcfd_t64/dataset__dataset__chute09__cam5__f637_667.npz,rtmpose,64,0,0.666539
dataset/dataset/chute09/cam5.avi,0,668,698,9,5,mcfd,200,fall_benchmark/data/poses/rtmpose/mcfd_t64/dataset__dataset__chute09__cam5__f668_698.npz,rtmpose,64,0,0.424949
dataset/dataset/chute09/cam6.avi,0,606,636,9,6,mcfd,201,fall_benchmark/data/poses/rtmpose/mcfd_t64/dataset__dataset__chute09__cam6__f606_636.npz,rtmpose,64,0,0.263345
dataset/dataset/chute09/cam6.avi,1,637,667,9,6,mcfd,202,fall_benchmark/data/poses/rtmpose/mcfd_t64/dataset__dataset__chute09__cam6__f637_667.npz,rtmpose,64,0,0.422594
dataset/dataset/chute09/cam6.avi,0,668,698,9,6,mcfd,203,fall_benchmark/data/poses/rtmpose/mcfd_t64/dataset__dataset__chute09__cam6__f668_698.npz,rtmpose,64,0,0.503834
dataset/dataset/chute09/cam7.avi,0,606,636,9,7,mcfd,204,fall_benchmark/data/poses/rtmpose/mcfd_t64/dataset__dataset__chute09__cam7__f606_636.npz,rtmpose,64,0,0.392429
dataset/dataset/chute09/cam7.avi,1,637,667,9,7,mcfd,205,fall_benchmark/data/poses/rtmpose/mcfd_t64/dataset__dataset__chute09__cam7__f637_667.npz,rtmpose,64,0,0.530896
dataset/dataset/chute09/cam7.avi,0,668,698,9,7,mcfd,206,fall_benchmark/data/poses/rtmpose/mcfd_t64/dataset__dataset__chute09__cam7__f668_698.npz,rtmpose,64,0,0.191090
dataset/dataset/chute09/cam8.avi,0,594,624,9,8,mcfd,207,fall_benchmark/data/poses/rtmpose/mcfd_t64/dataset__dataset__chute09__cam8__f594_624.npz,rtmpose,64,0,0.623055
dataset/dataset/chute09/cam8.avi,1,625,655,9,8,mcfd,208,fall_benchmark/data/poses/rtmpose/mcfd_t64/dataset__dataset__chute09__cam8__f625_655.npz,rtmpose,64,0,0.618260
dataset/dataset/chute09/cam8.avi,0,656,686,9,8,mcfd,209,fall_benchmark/data/poses/rtmpose/mcfd_t64/dataset__dataset__chute09__cam8__f656_686.npz,rtmpose,64,0,0.210004
dataset/dataset/chute10/cam1.avi,0,499,529,10,1,mcfd,210,fall_benchmark/data/poses/rtmpose/mcfd_t64/dataset__dataset__chute10__cam1__f499_529.npz,rtmpose,64,0,0.498756
dataset/dataset/chute10/cam1.avi,1,520,550,10,1,mcfd,211,fall_benchmark/data/poses/rtmpose/mcfd_t64/dataset__dataset__chute10__cam1__f520_550.npz,rtmpose,64,0,0.638526
dataset/dataset/chute10/cam1.avi,0,551,581,10,1,mcfd,212,fall_benchmark/data/poses/rtmpose/mcfd_t64/dataset__dataset__chute10__cam1__f551_581.npz,rtmpose,64,0,0.680528
dataset/dataset/chute10/cam2.avi,0,499,529,10,2,mcfd,213,fall_benchmark/data/poses/rtmpose/mcfd_t64/dataset__dataset__chute10__cam2__f499_529.npz,rtmpose,64,0,0.571434
dataset/dataset/chute10/cam2.avi,1,520,550,10,2,mcfd,214,fall_benchmark/data/poses/rtmpose/mcfd_t64/dataset__dataset__chute10__cam2__f520_550.npz,rtmpose,64,0,0.566045
dataset/dataset/chute10/cam2.avi,0,551,581,10,2,mcfd,215,fall_benchmark/data/poses/rtmpose/mcfd_t64/dataset__dataset__chute10__cam2__f551_581.npz,rtmpose,64,0,0.565492
dataset/dataset/chute10/cam3.avi,0,504,534,10,3,mcfd,216,fall_benchmark/data/poses/rtmpose/mcfd_t64/dataset__dataset__chute10__cam3__f504_534.npz,rtmpose,64,0,0.565166
dataset/dataset/chute10/cam3.avi,1,525,555,10,3,mcfd,217,fall_benchmark/data/poses/rtmpose/mcfd_t64/dataset__dataset__chute10__cam3__f525_555.npz,rtmpose,64,0,0.315453
dataset/dataset/chute10/cam3.avi,0,556,586,10,3,mcfd,218,fall_benchmark/data/poses/rtmpose/mcfd_t64/dataset__dataset__chute10__cam3__f556_586.npz,rtmpose,64,0,0.202205
dataset/dataset/chute10/cam4.avi,0,518,548,10,4,mcfd,219,fall_benchmark/data/poses/rtmpose/mcfd_t64/dataset__dataset__chute10__cam4__f518_548.npz,rtmpose,64,0,0.523477
dataset/dataset/chute10/cam4.avi,1,539,569,10,4,mcfd,220,fall_benchmark/data/poses/rtmpose/mcfd_t64/dataset__dataset__chute10__cam4__f539_569.npz,rtmpose,64,0,0.278102
dataset/dataset/chute10/cam4.avi,0,570,600,10,4,mcfd,221,fall_benchmark/data/poses/rtmpose/mcfd_t64/dataset__dataset__chute10__cam4__f570_600.npz,rtmpose,64,0,0.201479
dataset/dataset/chute10/cam5.avi,0,497,527,10,5,mcfd,222,fall_benchmark/data/poses/rtmpose/mcfd_t64/dataset__dataset__chute10__cam5__f497_527.npz,rtmpose,64,0,0.686868
dataset/dataset/chute10/cam5.avi,1,518,548,10,5,mcfd,223,fall_benchmark/data/poses/rtmpose/mcfd_t64/dataset__dataset__chute10__cam5__f518_548.npz,rtmpose,64,0,0.634170
dataset/dataset/chute10/cam5.avi,0,549,579,10,5,mcfd,224,fall_benchmark/data/poses/rtmpose/mcfd_t64/dataset__dataset__chute10__cam5__f549_579.npz,rtmpose,64,0,0.643718
dataset/dataset/chute10/cam6.avi,0,502,532,10,6,mcfd,225,fall_benchmark/data/poses/rtmpose/mcfd_t64/dataset__dataset__chute10__cam6__f502_532.npz,rtmpose,64,0,0.615405
dataset/dataset/chute10/cam6.avi,1,523,553,10,6,mcfd,226,fall_benchmark/data/poses/rtmpose/mcfd_t64/dataset__dataset__chute10__cam6__f523_553.npz,rtmpose,64,0,0.365949
dataset/dataset/chute10/cam6.avi,0,554,584,10,6,mcfd,227,fall_benchmark/data/poses/rtmpose/mcfd_t64/dataset__dataset__chute10__cam6__f554_584.npz,rtmpose,64,0,0.218379
dataset/dataset/chute10/cam7.avi,0,504,534,10,7,mcfd,228,fall_benchmark/data/poses/rtmpose/mcfd_t64/dataset__dataset__chute10__cam7__f504_534.npz,rtmpose,64,0,0.679585
dataset/dataset/chute10/cam7.avi,1,525,555,10,7,mcfd,229,fall_benchmark/data/poses/rtmpose/mcfd_t64/dataset__dataset__chute10__cam7__f525_555.npz,rtmpose,64,0,0.787038
dataset/dataset/chute10/cam7.avi,0,556,586,10,7,mcfd,230,fall_benchmark/data/poses/rtmpose/mcfd_t64/dataset__dataset__chute10__cam7__f556_586.npz,rtmpose,64,0,0.836782
dataset/dataset/chute10/cam8.avi,0,485,515,10,8,mcfd,231,fall_benchmark/data/poses/rtmpose/mcfd_t64/dataset__dataset__chute10__cam8__f485_515.npz,rtmpose,64,0,0.715138
dataset/dataset/chute10/cam8.avi,1,506,536,10,8,mcfd,232,fall_benchmark/data/poses/rtmpose/mcfd_t64/dataset__dataset__chute10__cam8__f506_536.npz,rtmpose,64,0,0.749873
dataset/dataset/chute10/cam8.avi,0,537,567,10,8,mcfd,233,fall_benchmark/data/poses/rtmpose/mcfd_t64/dataset__dataset__chute10__cam8__f537_567.npz,rtmpose,64,0,0.769357
dataset/dataset/chute11/cam1.avi,0,454,484,11,1,mcfd,234,fall_benchmark/data/poses/rtmpose/mcfd_t64/dataset__dataset__chute11__cam1__f454_484.npz,rtmpose,64,0,0.768210
dataset/dataset/chute11/cam1.avi,1,485,515,11,1,mcfd,235,fall_benchmark/data/poses/rtmpose/mcfd_t64/dataset__dataset__chute11__cam1__f485_515.npz,rtmpose,64,0,0.653716
dataset/dataset/chute11/cam1.avi,0,516,546,11,1,mcfd,236,fall_benchmark/data/poses/rtmpose/mcfd_t64/dataset__dataset__chute11__cam1__f516_546.npz,rtmpose,64,0,0.240690
dataset/dataset/chute11/cam2.avi,0,435,465,11,2,mcfd,237,fall_benchmark/data/poses/rtmpose/mcfd_t64/dataset__dataset__chute11__cam2__f435_465.npz,rtmpose,64,0,0.719954
dataset/dataset/chute11/cam2.avi,1,466,496,11,2,mcfd,238,fall_benchmark/data/poses/rtmpose/mcfd_t64/dataset__dataset__chute11__cam2__f466_496.npz,rtmpose,64,0,0.673442
dataset/dataset/chute11/cam2.avi,0,497,527,11,2,mcfd,239,fall_benchmark/data/poses/rtmpose/mcfd_t64/dataset__dataset__chute11__cam2__f497_527.npz,rtmpose,64,0,0.280106
dataset/dataset/chute11/cam3.avi,0,451,481,11,3,mcfd,240,fall_benchmark/data/poses/rtmpose/mcfd_t64/dataset__dataset__chute11__cam3__f451_481.npz,rtmpose,64,0,0.716335
dataset/dataset/chute11/cam3.avi,1,482,512,11,3,mcfd,241,fall_benchmark/data/poses/rtmpose/mcfd_t64/dataset__dataset__chute11__cam3__f482_512.npz,rtmpose,64,0,0.619140
dataset/dataset/chute11/cam3.avi,0,513,543,11,3,mcfd,242,fall_benchmark/data/poses/rtmpose/mcfd_t64/dataset__dataset__chute11__cam3__f513_543.npz,rtmpose,64,0,0.228926
dataset/dataset/chute11/cam4.avi,0,445,475,11,4,mcfd,243,fall_benchmark/data/poses/rtmpose/mcfd_t64/dataset__dataset__chute11__cam4__f445_475.npz,rtmpose,64,0,0.696654
dataset/dataset/chute11/cam4.avi,1,476,506,11,4,mcfd,244,fall_benchmark/data/poses/rtmpose/mcfd_t64/dataset__dataset__chute11__cam4__f476_506.npz,rtmpose,64,0,0.553795
dataset/dataset/chute11/cam4.avi,0,507,537,11,4,mcfd,245,fall_benchmark/data/poses/rtmpose/mcfd_t64/dataset__dataset__chute11__cam4__f507_537.npz,rtmpose,64,0,0.210866
dataset/dataset/chute11/cam5.avi,0,431,461,11,5,mcfd,246,fall_benchmark/data/poses/rtmpose/mcfd_t64/dataset__dataset__chute11__cam5__f431_461.npz,rtmpose,64,0,0.739128
dataset/dataset/chute11/cam5.avi,1,462,492,11,5,mcfd,247,fall_benchmark/data/poses/rtmpose/mcfd_t64/dataset__dataset__chute11__cam5__f462_492.npz,rtmpose,64,0,0.709486
dataset/dataset/chute11/cam5.avi,0,493,523,11,5,mcfd,248,fall_benchmark/data/poses/rtmpose/mcfd_t64/dataset__dataset__chute11__cam5__f493_523.npz,rtmpose,64,0,0.696229
dataset/dataset/chute11/cam6.avi,0,437,467,11,6,mcfd,249,fall_benchmark/data/poses/rtmpose/mcfd_t64/dataset__dataset__chute11__cam6__f437_467.npz,rtmpose,64,0,0.646111
dataset/dataset/chute11/cam6.avi,1,468,498,11,6,mcfd,250,fall_benchmark/data/poses/rtmpose/mcfd_t64/dataset__dataset__chute11__cam6__f468_498.npz,rtmpose,64,0,0.449854
dataset/dataset/chute11/cam6.avi,0,499,529,11,6,mcfd,251,fall_benchmark/data/poses/rtmpose/mcfd_t64/dataset__dataset__chute11__cam6__f499_529.npz,rtmpose,64,0,0.201137
dataset/dataset/chute11/cam7.avi,0,437,467,11,7,mcfd,252,fall_benchmark/data/poses/rtmpose/mcfd_t64/dataset__dataset__chute11__cam7__f437_467.npz,rtmpose,64,0,0.648599
dataset/dataset/chute11/cam7.avi,1,468,498,11,7,mcfd,253,fall_benchmark/data/poses/rtmpose/mcfd_t64/dataset__dataset__chute11__cam7__f468_498.npz,rtmpose,64,0,0.448957
dataset/dataset/chute11/cam7.avi,0,499,529,11,7,mcfd,254,fall_benchmark/data/poses/rtmpose/mcfd_t64/dataset__dataset__chute11__cam7__f499_529.npz,rtmpose,64,0,0.278308
dataset/dataset/chute11/cam8.avi,0,443,473,11,8,mcfd,255,fall_benchmark/data/poses/rtmpose/mcfd_t64/dataset__dataset__chute11__cam8__f443_473.npz,rtmpose,64,0,0.705995
dataset/dataset/chute11/cam8.avi,1,474,504,11,8,mcfd,256,fall_benchmark/data/poses/rtmpose/mcfd_t64/dataset__dataset__chute11__cam8__f474_504.npz,rtmpose,64,0,0.597315
dataset/dataset/chute11/cam8.avi,0,505,535,11,8,mcfd,257,fall_benchmark/data/poses/rtmpose/mcfd_t64/dataset__dataset__chute11__cam8__f505_535.npz,rtmpose,64,0,0.197458
dataset/dataset/chute12/cam1.avi,0,590,620,12,1,mcfd,258,fall_benchmark/data/poses/rtmpose/mcfd_t64/dataset__dataset__chute12__cam1__f590_620.npz,rtmpose,64,0,0.659425
dataset/dataset/chute12/cam1.avi,1,621,651,12,1,mcfd,259,fall_benchmark/data/poses/rtmpose/mcfd_t64/dataset__dataset__chute12__cam1__f621_651.npz,rtmpose,64,0,0.712101
dataset/dataset/chute12/cam1.avi,1,649,679,12,1,mcfd,260,fall_benchmark/data/poses/rtmpose/mcfd_t64/dataset__dataset__chute12__cam1__f649_679.npz,rtmpose,64,0,0.508995
dataset/dataset/chute12/cam2.avi,0,575,605,12,2,mcfd,261,fall_benchmark/data/poses/rtmpose/mcfd_t64/dataset__dataset__chute12__cam2__f575_605.npz,rtmpose,64,0,0.668872
dataset/dataset/chute12/cam2.avi,1,606,636,12,2,mcfd,262,fall_benchmark/data/poses/rtmpose/mcfd_t64/dataset__dataset__chute12__cam2__f606_636.npz,rtmpose,64,0,0.674003
dataset/dataset/chute12/cam2.avi,1,634,664,12,2,mcfd,263,fall_benchmark/data/poses/rtmpose/mcfd_t64/dataset__dataset__chute12__cam2__f634_664.npz,rtmpose,64,0,0.437340
dataset/dataset/chute12/cam3.avi,0,582,612,12,3,mcfd,264,fall_benchmark/data/poses/rtmpose/mcfd_t64/dataset__dataset__chute12__cam3__f582_612.npz,rtmpose,64,0,0.658081
dataset/dataset/chute12/cam3.avi,1,613,643,12,3,mcfd,265,fall_benchmark/data/poses/rtmpose/mcfd_t64/dataset__dataset__chute12__cam3__f613_643.npz,rtmpose,64,0,0.630713
dataset/dataset/chute12/cam3.avi,1,641,671,12,3,mcfd,266,fall_benchmark/data/poses/rtmpose/mcfd_t64/dataset__dataset__chute12__cam3__f641_671.npz,rtmpose,64,0,0.441829
dataset/dataset/chute12/cam4.avi,0,577,607,12,4,mcfd,267,fall_benchmark/data/poses/rtmpose/mcfd_t64/dataset__dataset__chute12__cam4__f577_607.npz,rtmpose,64,0,0.661689
dataset/dataset/chute12/cam4.avi,1,608,638,12,4,mcfd,268,fall_benchmark/data/poses/rtmpose/mcfd_t64/dataset__dataset__chute12__cam4__f608_638.npz,rtmpose,64,0,0.642111
dataset/dataset/chute12/cam4.avi,1,636,666,12,4,mcfd,269,fall_benchmark/data/poses/rtmpose/mcfd_t64/dataset__dataset__chute12__cam4__f636_666.npz,rtmpose,64,0,0.387120
dataset/dataset/chute12/cam5.avi,0,569,599,12,5,mcfd,270,fall_benchmark/data/poses/rtmpose/mcfd_t64/dataset__dataset__chute12__cam5__f569_599.npz,rtmpose,64,0,0.657356
dataset/dataset/chute12/cam5.avi,1,600,630,12,5,mcfd,271,fall_benchmark/data/poses/rtmpose/mcfd_t64/dataset__dataset__chute12__cam5__f600_630.npz,rtmpose,64,0,0.744388
dataset/dataset/chute12/cam5.avi,1,628,658,12,5,mcfd,272,fall_benchmark/data/poses/rtmpose/mcfd_t64/dataset__dataset__chute12__cam5__f628_658.npz,rtmpose,64,0,0.591110
dataset/dataset/chute12/cam6.avi,0,572,602,12,6,mcfd,273,fall_benchmark/data/poses/rtmpose/mcfd_t64/dataset__dataset__chute12__cam6__f572_602.npz,rtmpose,64,0,0.692777
dataset/dataset/chute12/cam6.avi,1,603,633,12,6,mcfd,274,fall_benchmark/data/poses/rtmpose/mcfd_t64/dataset__dataset__chute12__cam6__f603_633.npz,rtmpose,64,0,0.674896
dataset/dataset/chute12/cam6.avi,1,631,661,12,6,mcfd,275,fall_benchmark/data/poses/rtmpose/mcfd_t64/dataset__dataset__chute12__cam6__f631_661.npz,rtmpose,64,0,0.593439
dataset/dataset/chute12/cam7.avi,0,576,606,12,7,mcfd,276,fall_benchmark/data/poses/rtmpose/mcfd_t64/dataset__dataset__chute12__cam7__f576_606.npz,rtmpose,64,0,0.735600
dataset/dataset/chute12/cam7.avi,1,607,637,12,7,mcfd,277,fall_benchmark/data/poses/rtmpose/mcfd_t64/dataset__dataset__chute12__cam7__f607_637.npz,rtmpose,64,0,0.662630
dataset/dataset/chute12/cam7.avi,1,635,665,12,7,mcfd,278,fall_benchmark/data/poses/rtmpose/mcfd_t64/dataset__dataset__chute12__cam7__f635_665.npz,rtmpose,64,0,0.627510
dataset/dataset/chute12/cam8.avi,0,569,599,12,8,mcfd,279,fall_benchmark/data/poses/rtmpose/mcfd_t64/dataset__dataset__chute12__cam8__f569_599.npz,rtmpose,64,0,0.739670
dataset/dataset/chute12/cam8.avi,1,600,630,12,8,mcfd,280,fall_benchmark/data/poses/rtmpose/mcfd_t64/dataset__dataset__chute12__cam8__f600_630.npz,rtmpose,64,0,0.786817
dataset/dataset/chute12/cam8.avi,1,628,658,12,8,mcfd,281,fall_benchmark/data/poses/rtmpose/mcfd_t64/dataset__dataset__chute12__cam8__f628_658.npz,rtmpose,64,0,0.681311
dataset/dataset/chute13/cam1.avi,0,703,733,13,1,mcfd,282,fall_benchmark/data/poses/rtmpose/mcfd_t64/dataset__dataset__chute13__cam1__f703_733.npz,rtmpose,64,0,0.395663
dataset/dataset/chute13/cam1.avi,1,844,874,13,1,mcfd,283,fall_benchmark/data/poses/rtmpose/mcfd_t64/dataset__dataset__chute13__cam1__f844_874.npz,rtmpose,64,0,0.713476
dataset/dataset/chute13/cam2.avi,0,720,750,13,2,mcfd,284,fall_benchmark/data/poses/rtmpose/mcfd_t64/dataset__dataset__chute13__cam2__f720_750.npz,rtmpose,64,0,0.575561
dataset/dataset/chute13/cam2.avi,1,861,891,13,2,mcfd,285,fall_benchmark/data/poses/rtmpose/mcfd_t64/dataset__dataset__chute13__cam2__f861_891.npz,rtmpose,64,0,0.682030
dataset/dataset/chute13/cam3.avi,0,687,717,13,3,mcfd,286,fall_benchmark/data/poses/rtmpose/mcfd_t64/dataset__dataset__chute13__cam3__f687_717.npz,rtmpose,64,0,0.255005
dataset/dataset/chute13/cam3.avi,1,828,858,13,3,mcfd,287,fall_benchmark/data/poses/rtmpose/mcfd_t64/dataset__dataset__chute13__cam3__f828_858.npz,rtmpose,64,0,0.506218
dataset/dataset/chute13/cam4.avi,0,694,724,13,4,mcfd,288,fall_benchmark/data/poses/rtmpose/mcfd_t64/dataset__dataset__chute13__cam4__f694_724.npz,rtmpose,64,0,0.197724
dataset/dataset/chute13/cam4.avi,1,835,865,13,4,mcfd,289,fall_benchmark/data/poses/rtmpose/mcfd_t64/dataset__dataset__chute13__cam4__f835_865.npz,rtmpose,64,0,0.493151
dataset/dataset/chute13/cam5.avi,0,714,744,13,5,mcfd,290,fall_benchmark/data/poses/rtmpose/mcfd_t64/dataset__dataset__chute13__cam5__f714_744.npz,rtmpose,64,0,0.377506
dataset/dataset/chute13/cam5.avi,1,855,885,13,5,mcfd,291,fall_benchmark/data/poses/rtmpose/mcfd_t64/dataset__dataset__chute13__cam5__f855_885.npz,rtmpose,64,0,0.628570
dataset/dataset/chute13/cam6.avi,0,714,744,13,6,mcfd,292,fall_benchmark/data/poses/rtmpose/mcfd_t64/dataset__dataset__chute13__cam6__f714_744.npz,rtmpose,64,0,0.242943
dataset/dataset/chute13/cam6.avi,1,855,885,13,6,mcfd,293,fall_benchmark/data/poses/rtmpose/mcfd_t64/dataset__dataset__chute13__cam6__f855_885.npz,rtmpose,64,0,0.503824
dataset/dataset/chute13/cam7.avi,0,723,753,13,7,mcfd,294,fall_benchmark/data/poses/rtmpose/mcfd_t64/dataset__dataset__chute13__cam7__f723_753.npz,rtmpose,64,0,0.407325
dataset/dataset/chute13/cam7.avi,1,864,894,13,7,mcfd,295,fall_benchmark/data/poses/rtmpose/mcfd_t64/dataset__dataset__chute13__cam7__f864_894.npz,rtmpose,64,0,0.740083
dataset/dataset/chute13/cam8.avi,0,700,730,13,8,mcfd,296,fall_benchmark/data/poses/rtmpose/mcfd_t64/dataset__dataset__chute13__cam8__f700_730.npz,rtmpose,64,0,0.312367
dataset/dataset/chute13/cam8.avi,1,841,871,13,8,mcfd,297,fall_benchmark/data/poses/rtmpose/mcfd_t64/dataset__dataset__chute13__cam8__f841_871.npz,rtmpose,64,0,0.744901
dataset/dataset/chute14/cam1.avi,1,1040,1070,14,1,mcfd,298,fall_benchmark/data/poses/rtmpose/mcfd_t64/dataset__dataset__chute14__cam1__f1040_1070.npz,rtmpose,64,0,0.667146
dataset/dataset/chute14/cam1.avi,0,1071,1101,14,1,mcfd,299,fall_benchmark/data/poses/rtmpose/mcfd_t64/dataset__dataset__chute14__cam1__f1071_1101.npz,rtmpose,64,0,0.740207
dataset/dataset/chute14/cam2.avi,1,1027,1057,14,2,mcfd,300,fall_benchmark/data/poses/rtmpose/mcfd_t64/dataset__dataset__chute14__cam2__f1027_1057.npz,rtmpose,64,0,0.462154
dataset/dataset/chute14/cam2.avi,0,1058,1088,14,2,mcfd,301,fall_benchmark/data/poses/rtmpose/mcfd_t64/dataset__dataset__chute14__cam2__f1058_1088.npz,rtmpose,64,0,0.886862
dataset/dataset/chute14/cam3.avi,1,1029,1059,14,3,mcfd,302,fall_benchmark/data/poses/rtmpose/mcfd_t64/dataset__dataset__chute14__cam3__f1029_1059.npz,rtmpose,64,0,0.480885
dataset/dataset/chute14/cam3.avi,0,1060,1090,14,3,mcfd,303,fall_benchmark/data/poses/rtmpose/mcfd_t64/dataset__dataset__chute14__cam3__f1060_1090.npz,rtmpose,64,0,0.226757
dataset/dataset/chute14/cam4.avi,1,991,1021,14,4,mcfd,304,fall_benchmark/data/poses/rtmpose/mcfd_t64/dataset__dataset__chute14__cam4__f991_1021.npz,rtmpose,64,0,0.458762
dataset/dataset/chute14/cam4.avi,0,1022,1052,14,4,mcfd,305,fall_benchmark/data/poses/rtmpose/mcfd_t64/dataset__dataset__chute14__cam4__f1022_1052.npz,rtmpose,64,0,0.200402
dataset/dataset/chute14/cam5.avi,1,1019,1049,14,5,mcfd,306,fall_benchmark/data/poses/rtmpose/mcfd_t64/dataset__dataset__chute14__cam5__f1019_1049.npz,rtmpose,64,0,0.636814
dataset/dataset/chute14/cam5.avi,0,1050,1080,14,5,mcfd,307,fall_benchmark/data/poses/rtmpose/mcfd_t64/dataset__dataset__chute14__cam5__f1050_1080.npz,rtmpose,64,0,0.629006
dataset/dataset/chute14/cam6.avi,1,1019,1049,14,6,mcfd,308,fall_benchmark/data/poses/rtmpose/mcfd_t64/dataset__dataset__chute14__cam6__f1019_1049.npz,rtmpose,64,0,0.595667
dataset/dataset/chute14/cam6.avi,0,1050,1080,14,6,mcfd,309,fall_benchmark/data/poses/rtmpose/mcfd_t64/dataset__dataset__chute14__cam6__f1050_1080.npz,rtmpose,64,0,0.239368
dataset/dataset/chute14/cam7.avi,1,998,1028,14,7,mcfd,310,fall_benchmark/data/poses/rtmpose/mcfd_t64/dataset__dataset__chute14__cam7__f998_1028.npz,rtmpose,64,0,0.757338
dataset/dataset/chute14/cam7.avi,0,1029,1059,14,7,mcfd,311,fall_benchmark/data/poses/rtmpose/mcfd_t64/dataset__dataset__chute14__cam7__f1029_1059.npz,rtmpose,64,0,0.367180
dataset/dataset/chute14/cam8.avi,1,1005,1035,14,8,mcfd,312,fall_benchmark/data/poses/rtmpose/mcfd_t64/dataset__dataset__chute14__cam8__f1005_1035.npz,rtmpose,64,0,0.659759
dataset/dataset/chute14/cam8.avi,0,1036,1066,14,8,mcfd,313,fall_benchmark/data/poses/rtmpose/mcfd_t64/dataset__dataset__chute14__cam8__f1036_1066.npz,rtmpose,64,0,0.247230
dataset/dataset/chute15/cam1.avi,0,739,769,15,1,mcfd,314,fall_benchmark/data/poses/rtmpose/mcfd_t64/dataset__dataset__chute15__cam1__f739_769.npz,rtmpose,64,0,0.668714
dataset/dataset/chute15/cam1.avi,1,770,800,15,1,mcfd,315,fall_benchmark/data/poses/rtmpose/mcfd_t64/dataset__dataset__chute15__cam1__f770_800.npz,rtmpose,64,0,0.548463
dataset/dataset/chute15/cam2.avi,0,743,773,15,2,mcfd,316,fall_benchmark/data/poses/rtmpose/mcfd_t64/dataset__dataset__chute15__cam2__f743_773.npz,rtmpose,64,0,0.627768
dataset/dataset/chute15/cam2.avi,1,774,804,15,2,mcfd,317,fall_benchmark/data/poses/rtmpose/mcfd_t64/dataset__dataset__chute15__cam2__f774_804.npz,rtmpose,64,0,0.442796
dataset/dataset/chute15/cam3.avi,0,743,773,15,3,mcfd,318,fall_benchmark/data/poses/rtmpose/mcfd_t64/dataset__dataset__chute15__cam3__f743_773.npz,rtmpose,64,0,0.644492
dataset/dataset/chute15/cam3.avi,1,774,804,15,3,mcfd,319,fall_benchmark/data/poses/rtmpose/mcfd_t64/dataset__dataset__chute15__cam3__f774_804.npz,rtmpose,64,0,0.538901
dataset/dataset/chute15/cam4.avi,0,739,769,15,4,mcfd,320,fall_benchmark/data/poses/rtmpose/mcfd_t64/dataset__dataset__chute15__cam4__f739_769.npz,rtmpose,64,0,0.637008
dataset/dataset/chute15/cam4.avi,1,770,800,15,4,mcfd,321,fall_benchmark/data/poses/rtmpose/mcfd_t64/dataset__dataset__chute15__cam4__f770_800.npz,rtmpose,64,0,0.507102
dataset/dataset/chute15/cam5.avi,0,758,788,15,5,mcfd,322,fall_benchmark/data/poses/rtmpose/mcfd_t64/dataset__dataset__chute15__cam5__f758_788.npz,rtmpose,64,0,0.634421
dataset/dataset/chute15/cam5.avi,1,789,819,15,5,mcfd,323,fall_benchmark/data/poses/rtmpose/mcfd_t64/dataset__dataset__chute15__cam5__f789_819.npz,rtmpose,64,0,0.524148
dataset/dataset/chute15/cam6.avi,0,764,794,15,6,mcfd,324,fall_benchmark/data/poses/rtmpose/mcfd_t64/dataset__dataset__chute15__cam6__f764_794.npz,rtmpose,64,0,0.685476
dataset/dataset/chute15/cam6.avi,1,795,825,15,6,mcfd,325,fall_benchmark/data/poses/rtmpose/mcfd_t64/dataset__dataset__chute15__cam6__f795_825.npz,rtmpose,64,0,0.538013
dataset/dataset/chute15/cam7.avi,0,747,777,15,7,mcfd,326,fall_benchmark/data/poses/rtmpose/mcfd_t64/dataset__dataset__chute15__cam7__f747_777.npz,rtmpose,64,0,0.624409
dataset/dataset/chute15/cam7.avi,1,778,808,15,7,mcfd,327,fall_benchmark/data/poses/rtmpose/mcfd_t64/dataset__dataset__chute15__cam7__f778_808.npz,rtmpose,64,0,0.579215
dataset/dataset/chute15/cam8.avi,0,724,754,15,8,mcfd,328,fall_benchmark/data/poses/rtmpose/mcfd_t64/dataset__dataset__chute15__cam8__f724_754.npz,rtmpose,64,0,0.629766
dataset/dataset/chute15/cam8.avi,1,755,785,15,8,mcfd,329,fall_benchmark/data/poses/rtmpose/mcfd_t64/dataset__dataset__chute15__cam8__f755_785.npz,rtmpose,64,0,0.643976
dataset/dataset/chute16/cam1.avi,0,403,433,16,1,mcfd,330,fall_benchmark/data/poses/rtmpose/mcfd_t64/dataset__dataset__chute16__cam1__f403_433.npz,rtmpose,64,0,0.721867
dataset/dataset/chute16/cam1.avi,0,841,871,16,1,mcfd,331,fall_benchmark/data/poses/rtmpose/mcfd_t64/dataset__dataset__chute16__cam1__f841_871.npz,rtmpose,64,0,0.537701
dataset/dataset/chute16/cam1.avi,1,919,949,16,1,mcfd,332,fall_benchmark/data/poses/rtmpose/mcfd_t64/dataset__dataset__chute16__cam1__f919_949.npz,rtmpose,64,0,0.674760
dataset/dataset/chute16/cam2.avi,0,409,439,16,2,mcfd,333,fall_benchmark/data/poses/rtmpose/mcfd_t64/dataset__dataset__chute16__cam2__f409_439.npz,rtmpose,64,0,0.630032
dataset/dataset/chute16/cam2.avi,0,847,877,16,2,mcfd,334,fall_benchmark/data/poses/rtmpose/mcfd_t64/dataset__dataset__chute16__cam2__f847_877.npz,rtmpose,64,0,0.297837
dataset/dataset/chute16/cam2.avi,1,925,955,16,2,mcfd,335,fall_benchmark/data/poses/rtmpose/mcfd_t64/dataset__dataset__chute16__cam2__f925_955.npz,rtmpose,64,0,0.681380
dataset/dataset/chute16/cam3.avi,0,380,410,16,3,mcfd,336,fall_benchmark/data/poses/rtmpose/mcfd_t64/dataset__dataset__chute16__cam3__f380_410.npz,rtmpose,64,0,0.585986
dataset/dataset/chute16/cam3.avi,0,818,848,16,3,mcfd,337,fall_benchmark/data/poses/rtmpose/mcfd_t64/dataset__dataset__chute16__cam3__f818_848.npz,rtmpose,64,0,0.652006
dataset/dataset/chute16/cam3.avi,1,896,926,16,3,mcfd,338,fall_benchmark/data/poses/rtmpose/mcfd_t64/dataset__dataset__chute16__cam3__f896_926.npz,rtmpose,64,0,0.519134
dataset/dataset/chute16/cam4.avi,0,382,412,16,4,mcfd,339,fall_benchmark/data/poses/rtmpose/mcfd_t64/dataset__dataset__chute16__cam4__f382_412.npz,rtmpose,64,0,0.715134
dataset/dataset/chute16/cam4.avi,0,820,850,16,4,mcfd,340,fall_benchmark/data/poses/rtmpose/mcfd_t64/dataset__dataset__chute16__cam4__f820_850.npz,rtmpose,64,0,0.213471
dataset/dataset/chute16/cam4.avi,1,898,928,16,4,mcfd,341,fall_benchmark/data/poses/rtmpose/mcfd_t64/dataset__dataset__chute16__cam4__f898_928.npz,rtmpose,64,0,0.406335
dataset/dataset/chute16/cam5.avi,0,392,422,16,5,mcfd,342,fall_benchmark/data/poses/rtmpose/mcfd_t64/dataset__dataset__chute16__cam5__f392_422.npz,rtmpose,64,0,0.661580
dataset/dataset/chute16/cam5.avi,0,830,860,16,5,mcfd,343,fall_benchmark/data/poses/rtmpose/mcfd_t64/dataset__dataset__chute16__cam5__f830_860.npz,rtmpose,64,0,0.500040
dataset/dataset/chute16/cam5.avi,1,908,938,16,5,mcfd,344,fall_benchmark/data/poses/rtmpose/mcfd_t64/dataset__dataset__chute16__cam5__f908_938.npz,rtmpose,64,0,0.632722
dataset/dataset/chute16/cam6.avi,0,389,419,16,6,mcfd,345,fall_benchmark/data/poses/rtmpose/mcfd_t64/dataset__dataset__chute16__cam6__f389_419.npz,rtmpose,64,0,0.640604
dataset/dataset/chute16/cam6.avi,0,827,857,16,6,mcfd,346,fall_benchmark/data/poses/rtmpose/mcfd_t64/dataset__dataset__chute16__cam6__f827_857.npz,rtmpose,64,0,0.637628
dataset/dataset/chute16/cam6.avi,1,905,935,16,6,mcfd,347,fall_benchmark/data/poses/rtmpose/mcfd_t64/dataset__dataset__chute16__cam6__f905_935.npz,rtmpose,64,0,0.411592
dataset/dataset/chute16/cam7.avi,0,383,413,16,7,mcfd,348,fall_benchmark/data/poses/rtmpose/mcfd_t64/dataset__dataset__chute16__cam7__f383_413.npz,rtmpose,64,0,0.686605
dataset/dataset/chute16/cam7.avi,0,821,851,16,7,mcfd,349,fall_benchmark/data/poses/rtmpose/mcfd_t64/dataset__dataset__chute16__cam7__f821_851.npz,rtmpose,64,0,0.658648
dataset/dataset/chute16/cam7.avi,1,899,929,16,7,mcfd,350,fall_benchmark/data/poses/rtmpose/mcfd_t64/dataset__dataset__chute16__cam7__f899_929.npz,rtmpose,64,0,0.678414
dataset/dataset/chute16/cam8.avi,0,383,413,16,8,mcfd,351,fall_benchmark/data/poses/rtmpose/mcfd_t64/dataset__dataset__chute16__cam8__f383_413.npz,rtmpose,64,0,0.658375
dataset/dataset/chute16/cam8.avi,0,821,851,16,8,mcfd,352,fall_benchmark/data/poses/rtmpose/mcfd_t64/dataset__dataset__chute16__cam8__f821_851.npz,rtmpose,64,0,0.553812
dataset/dataset/chute16/cam8.avi,1,899,929,16,8,mcfd,353,fall_benchmark/data/poses/rtmpose/mcfd_t64/dataset__dataset__chute16__cam8__f899_929.npz,rtmpose,64,0,0.676899
dataset/dataset/chute17/cam1.avi,0,362,392,17,1,mcfd,354,fall_benchmark/data/poses/rtmpose/mcfd_t64/dataset__dataset__chute17__cam1__f362_392.npz,rtmpose,64,0,0.592378
dataset/dataset/chute17/cam1.avi,1,756,786,17,1,mcfd,355,fall_benchmark/data/poses/rtmpose/mcfd_t64/dataset__dataset__chute17__cam1__f756_786.npz,rtmpose,64,0,0.676208
dataset/dataset/chute17/cam2.avi,0,367,397,17,2,mcfd,356,fall_benchmark/data/poses/rtmpose/mcfd_t64/dataset__dataset__chute17__cam2__f367_397.npz,rtmpose,64,0,0.591597
dataset/dataset/chute17/cam2.avi,1,761,791,17,2,mcfd,357,fall_benchmark/data/poses/rtmpose/mcfd_t64/dataset__dataset__chute17__cam2__f761_791.npz,rtmpose,64,0,0.659724
dataset/dataset/chute17/cam3.avi,0,356,386,17,3,mcfd,358,fall_benchmark/data/poses/rtmpose/mcfd_t64/dataset__dataset__chute17__cam3__f356_386.npz,rtmpose,64,0,0.548010
dataset/dataset/chute17/cam3.avi,1,750,780,17,3,mcfd,359,fall_benchmark/data/poses/rtmpose/mcfd_t64/dataset__dataset__chute17__cam3__f750_780.npz,rtmpose,64,0,0.572858
dataset/dataset/chute17/cam4.avi,0,341,371,17,4,mcfd,360,fall_benchmark/data/poses/rtmpose/mcfd_t64/dataset__dataset__chute17__cam4__f341_371.npz,rtmpose,64,0,0.437512
dataset/dataset/chute17/cam4.avi,1,735,765,17,4,mcfd,361,fall_benchmark/data/poses/rtmpose/mcfd_t64/dataset__dataset__chute17__cam4__f735_765.npz,rtmpose,64,0,0.394271
dataset/dataset/chute17/cam5.avi,0,351,381,17,5,mcfd,362,fall_benchmark/data/poses/rtmpose/mcfd_t64/dataset__dataset__chute17__cam5__f351_381.npz,rtmpose,64,0,0.341706
dataset/dataset/chute17/cam5.avi,1,745,775,17,5,mcfd,363,fall_benchmark/data/poses/rtmpose/mcfd_t64/dataset__dataset__chute17__cam5__f745_775.npz,rtmpose,64,0,0.577248
dataset/dataset/chute17/cam6.avi,0,341,371,17,6,mcfd,364,fall_benchmark/data/poses/rtmpose/mcfd_t64/dataset__dataset__chute17__cam6__f341_371.npz,rtmpose,64,0,0.393391
dataset/dataset/chute17/cam6.avi,1,735,765,17,6,mcfd,365,fall_benchmark/data/poses/rtmpose/mcfd_t64/dataset__dataset__chute17__cam6__f735_765.npz,rtmpose,64,0,0.526639
dataset/dataset/chute17/cam7.avi,0,370,400,17,7,mcfd,366,fall_benchmark/data/poses/rtmpose/mcfd_t64/dataset__dataset__chute17__cam7__f370_400.npz,rtmpose,64,0,0.408065
dataset/dataset/chute17/cam7.avi,1,764,794,17,7,mcfd,367,fall_benchmark/data/poses/rtmpose/mcfd_t64/dataset__dataset__chute17__cam7__f764_794.npz,rtmpose,64,0,0.774174
dataset/dataset/chute17/cam8.avi,0,359,389,17,8,mcfd,368,fall_benchmark/data/poses/rtmpose/mcfd_t64/dataset__dataset__chute17__cam8__f359_389.npz,rtmpose,64,0,0.400032
dataset/dataset/chute17/cam8.avi,1,753,783,17,8,mcfd,369,fall_benchmark/data/poses/rtmpose/mcfd_t64/dataset__dataset__chute17__cam8__f753_783.npz,rtmpose,64,0,0.689909
dataset/dataset/chute18/cam1.avi,0,629,659,18,1,mcfd,370,fall_benchmark/data/poses/rtmpose/mcfd_t64/dataset__dataset__chute18__cam1__f629_659.npz,rtmpose,64,0,0.589507
dataset/dataset/chute18/cam1.avi,1,670,700,18,1,mcfd,371,fall_benchmark/data/poses/rtmpose/mcfd_t64/dataset__dataset__chute18__cam1__f670_700.npz,rtmpose,64,0,0.724065
dataset/dataset/chute18/cam2.avi,0,635,665,18,2,mcfd,372,fall_benchmark/data/poses/rtmpose/mcfd_t64/dataset__dataset__chute18__cam2__f635_665.npz,rtmpose,64,0,0.260033
dataset/dataset/chute18/cam2.avi,1,676,706,18,2,mcfd,373,fall_benchmark/data/poses/rtmpose/mcfd_t64/dataset__dataset__chute18__cam2__f676_706.npz,rtmpose,64,0,0.593933
dataset/dataset/chute18/cam3.avi,0,615,645,18,3,mcfd,374,fall_benchmark/data/poses/rtmpose/mcfd_t64/dataset__dataset__chute18__cam3__f615_645.npz,rtmpose,64,0,0.436950
dataset/dataset/chute18/cam3.avi,1,656,686,18,3,mcfd,375,fall_benchmark/data/poses/rtmpose/mcfd_t64/dataset__dataset__chute18__cam3__f656_686.npz,rtmpose,64,0,0.477539
dataset/dataset/chute18/cam4.avi,0,530,560,18,4,mcfd,376,fall_benchmark/data/poses/rtmpose/mcfd_t64/dataset__dataset__chute18__cam4__f530_560.npz,rtmpose,64,0,0.576273
dataset/dataset/chute18/cam4.avi,1,571,601,18,4,mcfd,377,fall_benchmark/data/poses/rtmpose/mcfd_t64/dataset__dataset__chute18__cam4__f571_601.npz,rtmpose,64,0,0.370529
dataset/dataset/chute18/cam5.avi,0,615,645,18,5,mcfd,378,fall_benchmark/data/poses/rtmpose/mcfd_t64/dataset__dataset__chute18__cam5__f615_645.npz,rtmpose,64,0,0.582435
dataset/dataset/chute18/cam5.avi,1,656,686,18,5,mcfd,379,fall_benchmark/data/poses/rtmpose/mcfd_t64/dataset__dataset__chute18__cam5__f656_686.npz,rtmpose,64,0,0.683567
dataset/dataset/chute18/cam6.avi,0,638,668,18,6,mcfd,380,fall_benchmark/data/poses/rtmpose/mcfd_t64/dataset__dataset__chute18__cam6__f638_668.npz,rtmpose,64,0,0.414560
dataset/dataset/chute18/cam6.avi,1,679,709,18,6,mcfd,381,fall_benchmark/data/poses/rtmpose/mcfd_t64/dataset__dataset__chute18__cam6__f679_709.npz,rtmpose,64,0,0.447559
dataset/dataset/chute18/cam7.avi,0,638,668,18,7,mcfd,382,fall_benchmark/data/poses/rtmpose/mcfd_t64/dataset__dataset__chute18__cam7__f638_668.npz,rtmpose,64,0,0.319033
dataset/dataset/chute18/cam7.avi,1,679,709,18,7,mcfd,383,fall_benchmark/data/poses/rtmpose/mcfd_t64/dataset__dataset__chute18__cam7__f679_709.npz,rtmpose,64,0,0.609386
dataset/dataset/chute18/cam8.avi,0,607,637,18,8,mcfd,384,fall_benchmark/data/poses/rtmpose/mcfd_t64/dataset__dataset__chute18__cam8__f607_637.npz,rtmpose,64,0,0.582994
dataset/dataset/chute18/cam8.avi,1,648,678,18,8,mcfd,385,fall_benchmark/data/poses/rtmpose/mcfd_t64/dataset__dataset__chute18__cam8__f648_678.npz,rtmpose,64,0,0.695414
dataset/dataset/chute19/cam1.avi,0,439,469,19,1,mcfd,386,fall_benchmark/data/poses/rtmpose/mcfd_t64/dataset__dataset__chute19__cam1__f439_469.npz,rtmpose,64,0,0.712377
dataset/dataset/chute19/cam1.avi,0,487,517,19,1,mcfd,387,fall_benchmark/data/poses/rtmpose/mcfd_t64/dataset__dataset__chute19__cam1__f487_517.npz,rtmpose,64,0,0.700390
dataset/dataset/chute19/cam1.avi,1,519,549,19,1,mcfd,388,fall_benchmark/data/poses/rtmpose/mcfd_t64/dataset__dataset__chute19__cam1__f519_549.npz,rtmpose,64,0,0.659002
dataset/dataset/chute19/cam1.avi,1,549,579,19,1,mcfd,389,fall_benchmark/data/poses/rtmpose/mcfd_t64/dataset__dataset__chute19__cam1__f549_579.npz,rtmpose,64,0,0.677208
dataset/dataset/chute19/cam1.avi,1,579,609,19,1,mcfd,390,fall_benchmark/data/poses/rtmpose/mcfd_t64/dataset__dataset__chute19__cam1__f579_609.npz,rtmpose,64,0,0.657476
dataset/dataset/chute19/cam2.avi,0,447,477,19,2,mcfd,391,fall_benchmark/data/poses/rtmpose/mcfd_t64/dataset__dataset__chute19__cam2__f447_477.npz,rtmpose,64,0,0.735381
dataset/dataset/chute19/cam2.avi,0,495,525,19,2,mcfd,392,fall_benchmark/data/poses/rtmpose/mcfd_t64/dataset__dataset__chute19__cam2__f495_525.npz,rtmpose,64,0,0.541663
dataset/dataset/chute19/cam2.avi,1,527,557,19,2,mcfd,393,fall_benchmark/data/poses/rtmpose/mcfd_t64/dataset__dataset__chute19__cam2__f527_557.npz,rtmpose,64,0,0.685172
dataset/dataset/chute19/cam2.avi,1,557,587,19,2,mcfd,394,fall_benchmark/data/poses/rtmpose/mcfd_t64/dataset__dataset__chute19__cam2__f557_587.npz,rtmpose,64,0,0.630783
dataset/dataset/chute19/cam2.avi,1,587,617,19,2,mcfd,395,fall_benchmark/data/poses/rtmpose/mcfd_t64/dataset__dataset__chute19__cam2__f587_617.npz,rtmpose,64,0,0.610902
dataset/dataset/chute19/cam3.avi,0,436,466,19,3,mcfd,396,fall_benchmark/data/poses/rtmpose/mcfd_t64/dataset__dataset__chute19__cam3__f436_466.npz,rtmpose,64,0,0.693717
dataset/dataset/chute19/cam3.avi,0,484,514,19,3,mcfd,397,fall_benchmark/data/poses/rtmpose/mcfd_t64/dataset__dataset__chute19__cam3__f484_514.npz,rtmpose,64,0,0.681633
dataset/dataset/chute19/cam3.avi,1,516,546,19,3,mcfd,398,fall_benchmark/data/poses/rtmpose/mcfd_t64/dataset__dataset__chute19__cam3__f516_546.npz,rtmpose,64,0,0.682972
dataset/dataset/chute19/cam3.avi,1,546,576,19,3,mcfd,399,fall_benchmark/data/poses/rtmpose/mcfd_t64/dataset__dataset__chute19__cam3__f546_576.npz,rtmpose,64,0,0.577254
dataset/dataset/chute19/cam3.avi,1,576,606,19,3,mcfd,400,fall_benchmark/data/poses/rtmpose/mcfd_t64/dataset__dataset__chute19__cam3__f576_606.npz,rtmpose,64,0,0.397597
dataset/dataset/chute19/cam4.avi,0,439,469,19,4,mcfd,401,fall_benchmark/data/poses/rtmpose/mcfd_t64/dataset__dataset__chute19__cam4__f439_469.npz,rtmpose,64,0,0.643511
dataset/dataset/chute19/cam4.avi,0,487,517,19,4,mcfd,402,fall_benchmark/data/poses/rtmpose/mcfd_t64/dataset__dataset__chute19__cam4__f487_517.npz,rtmpose,64,0,0.716359
dataset/dataset/chute19/cam4.avi,1,519,549,19,4,mcfd,403,fall_benchmark/data/poses/rtmpose/mcfd_t64/dataset__dataset__chute19__cam4__f519_549.npz,rtmpose,64,0,0.661030
dataset/dataset/chute19/cam4.avi,1,549,579,19,4,mcfd,404,fall_benchmark/data/poses/rtmpose/mcfd_t64/dataset__dataset__chute19__cam4__f549_579.npz,rtmpose,64,0,0.270724
dataset/dataset/chute19/cam4.avi,1,579,609,19,4,mcfd,405,fall_benchmark/data/poses/rtmpose/mcfd_t64/dataset__dataset__chute19__cam4__f579_609.npz,rtmpose,64,0,0.184710
dataset/dataset/chute19/cam5.avi,0,425,455,19,5,mcfd,406,fall_benchmark/data/poses/rtmpose/mcfd_t64/dataset__dataset__chute19__cam5__f425_455.npz,rtmpose,64,0,0.675242
dataset/dataset/chute19/cam5.avi,0,473,503,19,5,mcfd,407,fall_benchmark/data/poses/rtmpose/mcfd_t64/dataset__dataset__chute19__cam5__f473_503.npz,rtmpose,64,0,0.737252
dataset/dataset/chute19/cam5.avi,1,505,535,19,5,mcfd,408,fall_benchmark/data/poses/rtmpose/mcfd_t64/dataset__dataset__chute19__cam5__f505_535.npz,rtmpose,64,0,0.717110
dataset/dataset/chute19/cam5.avi,1,535,565,19,5,mcfd,409,fall_benchmark/data/poses/rtmpose/mcfd_t64/dataset__dataset__chute19__cam5__f535_565.npz,rtmpose,64,0,0.553743
dataset/dataset/chute19/cam5.avi,1,565,595,19,5,mcfd,410,fall_benchmark/data/poses/rtmpose/mcfd_t64/dataset__dataset__chute19__cam5__f565_595.npz,rtmpose,64,0,0.409575
dataset/dataset/chute19/cam6.avi,0,449,479,19,6,mcfd,411,fall_benchmark/data/poses/rtmpose/mcfd_t64/dataset__dataset__chute19__cam6__f449_479.npz,rtmpose,64,0,0.544293
dataset/dataset/chute19/cam6.avi,0,497,527,19,6,mcfd,412,fall_benchmark/data/poses/rtmpose/mcfd_t64/dataset__dataset__chute19__cam6__f497_527.npz,rtmpose,64,0,0.701508
dataset/dataset/chute19/cam6.avi,1,529,559,19,6,mcfd,413,fall_benchmark/data/poses/rtmpose/mcfd_t64/dataset__dataset__chute19__cam6__f529_559.npz,rtmpose,64,0,0.599031
dataset/dataset/chute19/cam6.avi,1,559,589,19,6,mcfd,414,fall_benchmark/data/poses/rtmpose/mcfd_t64/dataset__dataset__chute19__cam6__f559_589.npz,rtmpose,64,0,0.218542
dataset/dataset/chute19/cam6.avi,1,589,619,19,6,mcfd,415,fall_benchmark/data/poses/rtmpose/mcfd_t64/dataset__dataset__chute19__cam6__f589_619.npz,rtmpose,64,0,0.208785
dataset/dataset/chute19/cam7.avi,0,420,450,19,7,mcfd,416,fall_benchmark/data/poses/rtmpose/mcfd_t64/dataset__dataset__chute19__cam7__f420_450.npz,rtmpose,64,0,0.653152
dataset/dataset/chute19/cam7.avi,0,468,498,19,7,mcfd,417,fall_benchmark/data/poses/rtmpose/mcfd_t64/dataset__dataset__chute19__cam7__f468_498.npz,rtmpose,64,0,0.664114
dataset/dataset/chute19/cam7.avi,1,500,530,19,7,mcfd,418,fall_benchmark/data/poses/rtmpose/mcfd_t64/dataset__dataset__chute19__cam7__f500_530.npz,rtmpose,64,0,0.576701
dataset/dataset/chute19/cam7.avi,1,530,560,19,7,mcfd,419,fall_benchmark/data/poses/rtmpose/mcfd_t64/dataset__dataset__chute19__cam7__f530_560.npz,rtmpose,64,0,0.237977
dataset/dataset/chute19/cam7.avi,1,560,590,19,7,mcfd,420,fall_benchmark/data/poses/rtmpose/mcfd_t64/dataset__dataset__chute19__cam7__f560_590.npz,rtmpose,64,0,0.222386
dataset/dataset/chute19/cam8.avi,0,440,470,19,8,mcfd,421,fall_benchmark/data/poses/rtmpose/mcfd_t64/dataset__dataset__chute19__cam8__f440_470.npz,rtmpose,64,0,0.734535
dataset/dataset/chute19/cam8.avi,0,488,518,19,8,mcfd,422,fall_benchmark/data/poses/rtmpose/mcfd_t64/dataset__dataset__chute19__cam8__f488_518.npz,rtmpose,64,0,0.680828
dataset/dataset/chute19/cam8.avi,1,520,550,19,8,mcfd,423,fall_benchmark/data/poses/rtmpose/mcfd_t64/dataset__dataset__chute19__cam8__f520_550.npz,rtmpose,64,0,0.666660
dataset/dataset/chute19/cam8.avi,1,550,580,19,8,mcfd,424,fall_benchmark/data/poses/rtmpose/mcfd_t64/dataset__dataset__chute19__cam8__f550_580.npz,rtmpose,64,0,0.465091
dataset/dataset/chute19/cam8.avi,1,580,610,19,8,mcfd,425,fall_benchmark/data/poses/rtmpose/mcfd_t64/dataset__dataset__chute19__cam8__f580_610.npz,rtmpose,64,0,0.444983
dataset/dataset/chute20/cam1.avi,0,375,405,20,1,mcfd,426,fall_benchmark/data/poses/rtmpose/mcfd_t64/dataset__dataset__chute20__cam1__f375_405.npz,rtmpose,64,0,0.682917
dataset/dataset/chute20/cam1.avi,0,425,455,20,1,mcfd,427,fall_benchmark/data/poses/rtmpose/mcfd_t64/dataset__dataset__chute20__cam1__f425_455.npz,rtmpose,64,0,0.718081
dataset/dataset/chute20/cam1.avi,1,570,600,20,1,mcfd,428,fall_benchmark/data/poses/rtmpose/mcfd_t64/dataset__dataset__chute20__cam1__f570_600.npz,rtmpose,64,0,0.679890
dataset/dataset/chute20/cam1.avi,1,600,630,20,1,mcfd,429,fall_benchmark/data/poses/rtmpose/mcfd_t64/dataset__dataset__chute20__cam1__f600_630.npz,rtmpose,64,0,0.646496
dataset/dataset/chute20/cam1.avi,1,630,660,20,1,mcfd,430,fall_benchmark/data/poses/rtmpose/mcfd_t64/dataset__dataset__chute20__cam1__f630_660.npz,rtmpose,64,0,0.662536
dataset/dataset/chute20/cam1.avi,1,660,690,20,1,mcfd,431,fall_benchmark/data/poses/rtmpose/mcfd_t64/dataset__dataset__chute20__cam1__f660_690.npz,rtmpose,64,0,0.548848
dataset/dataset/chute20/cam2.avi,0,359,389,20,2,mcfd,432,fall_benchmark/data/poses/rtmpose/mcfd_t64/dataset__dataset__chute20__cam2__f359_389.npz,rtmpose,64,0,0.693101
dataset/dataset/chute20/cam2.avi,0,409,439,20,2,mcfd,433,fall_benchmark/data/poses/rtmpose/mcfd_t64/dataset__dataset__chute20__cam2__f409_439.npz,rtmpose,64,0,0.634608
dataset/dataset/chute20/cam2.avi,1,554,584,20,2,mcfd,434,fall_benchmark/data/poses/rtmpose/mcfd_t64/dataset__dataset__chute20__cam2__f554_584.npz,rtmpose,64,0,0.636931
dataset/dataset/chute20/cam2.avi,1,584,614,20,2,mcfd,435,fall_benchmark/data/poses/rtmpose/mcfd_t64/dataset__dataset__chute20__cam2__f584_614.npz,rtmpose,64,0,0.657374
dataset/dataset/chute20/cam2.avi,1,614,644,20,2,mcfd,436,fall_benchmark/data/poses/rtmpose/mcfd_t64/dataset__dataset__chute20__cam2__f614_644.npz,rtmpose,64,0,0.671831
dataset/dataset/chute20/cam2.avi,1,644,674,20,2,mcfd,437,fall_benchmark/data/poses/rtmpose/mcfd_t64/dataset__dataset__chute20__cam2__f644_674.npz,rtmpose,64,0,0.722871
dataset/dataset/chute20/cam3.avi,0,350,380,20,3,mcfd,438,fall_benchmark/data/poses/rtmpose/mcfd_t64/dataset__dataset__chute20__cam3__f350_380.npz,rtmpose,64,0,0.689104
dataset/dataset/chute20/cam3.avi,0,400,430,20,3,mcfd,439,fall_benchmark/data/poses/rtmpose/mcfd_t64/dataset__dataset__chute20__cam3__f400_430.npz,rtmpose,64,0,0.646996
dataset/dataset/chute20/cam3.avi,1,545,575,20,3,mcfd,440,fall_benchmark/data/poses/rtmpose/mcfd_t64/dataset__dataset__chute20__cam3__f545_575.npz,rtmpose,64,0,0.675810
dataset/dataset/chute20/cam3.avi,1,575,605,20,3,mcfd,441,fall_benchmark/data/poses/rtmpose/mcfd_t64/dataset__dataset__chute20__cam3__f575_605.npz,rtmpose,64,0,0.642320
dataset/dataset/chute20/cam3.avi,1,605,635,20,3,mcfd,442,fall_benchmark/data/poses/rtmpose/mcfd_t64/dataset__dataset__chute20__cam3__f605_635.npz,rtmpose,64,0,0.557897
dataset/dataset/chute20/cam3.avi,1,635,665,20,3,mcfd,443,fall_benchmark/data/poses/rtmpose/mcfd_t64/dataset__dataset__chute20__cam3__f635_665.npz,rtmpose,64,0,0.407644
dataset/dataset/chute20/cam4.avi,0,360,390,20,4,mcfd,444,fall_benchmark/data/poses/rtmpose/mcfd_t64/dataset__dataset__chute20__cam4__f360_390.npz,rtmpose,64,0,0.680509
dataset/dataset/chute20/cam4.avi,0,410,440,20,4,mcfd,445,fall_benchmark/data/poses/rtmpose/mcfd_t64/dataset__dataset__chute20__cam4__f410_440.npz,rtmpose,64,0,0.643935
dataset/dataset/chute20/cam4.avi,1,555,585,20,4,mcfd,446,fall_benchmark/data/poses/rtmpose/mcfd_t64/dataset__dataset__chute20__cam4__f555_585.npz,rtmpose,64,0,0.671382
dataset/dataset/chute20/cam4.avi,1,585,615,20,4,mcfd,447,fall_benchmark/data/poses/rtmpose/mcfd_t64/dataset__dataset__chute20__cam4__f585_615.npz,rtmpose,64,0,0.592297
dataset/dataset/chute20/cam4.avi,1,615,645,20,4,mcfd,448,fall_benchmark/data/poses/rtmpose/mcfd_t64/dataset__dataset__chute20__cam4__f615_645.npz,rtmpose,64,0,0.381644
dataset/dataset/chute20/cam4.avi,1,645,675,20,4,mcfd,449,fall_benchmark/data/poses/rtmpose/mcfd_t64/dataset__dataset__chute20__cam4__f645_675.npz,rtmpose,64,0,0.185150
dataset/dataset/chute20/cam5.avi,0,360,390,20,5,mcfd,450,fall_benchmark/data/poses/rtmpose/mcfd_t64/dataset__dataset__chute20__cam5__f360_390.npz,rtmpose,64,0,0.723572
dataset/dataset/chute20/cam5.avi,0,410,440,20,5,mcfd,451,fall_benchmark/data/poses/rtmpose/mcfd_t64/dataset__dataset__chute20__cam5__f410_440.npz,rtmpose,64,0,0.654697
dataset/dataset/chute20/cam5.avi,1,555,585,20,5,mcfd,452,fall_benchmark/data/poses/rtmpose/mcfd_t64/dataset__dataset__chute20__cam5__f555_585.npz,rtmpose,64,0,0.693410
dataset/dataset/chute20/cam5.avi,1,585,615,20,5,mcfd,453,fall_benchmark/data/poses/rtmpose/mcfd_t64/dataset__dataset__chute20__cam5__f585_615.npz,rtmpose,64,0,0.657889
dataset/dataset/chute20/cam5.avi,1,615,645,20,5,mcfd,454,fall_benchmark/data/poses/rtmpose/mcfd_t64/dataset__dataset__chute20__cam5__f615_645.npz,rtmpose,64,0,0.637951
dataset/dataset/chute20/cam5.avi,1,645,675,20,5,mcfd,455,fall_benchmark/data/poses/rtmpose/mcfd_t64/dataset__dataset__chute20__cam5__f645_675.npz,rtmpose,64,0,0.445152
dataset/dataset/chute20/cam6.avi,0,354,384,20,6,mcfd,456,fall_benchmark/data/poses/rtmpose/mcfd_t64/dataset__dataset__chute20__cam6__f354_384.npz,rtmpose,64,0,0.657451
dataset/dataset/chute20/cam6.avi,0,404,434,20,6,mcfd,457,fall_benchmark/data/poses/rtmpose/mcfd_t64/dataset__dataset__chute20__cam6__f404_434.npz,rtmpose,64,0,0.651474
dataset/dataset/chute20/cam6.avi,1,549,579,20,6,mcfd,458,fall_benchmark/data/poses/rtmpose/mcfd_t64/dataset__dataset__chute20__cam6__f549_579.npz,rtmpose,64,0,0.597064
dataset/dataset/chute20/cam6.avi,1,579,609,20,6,mcfd,459,fall_benchmark/data/poses/rtmpose/mcfd_t64/dataset__dataset__chute20__cam6__f579_609.npz,rtmpose,64,0,0.291713
dataset/dataset/chute20/cam6.avi,1,609,639,20,6,mcfd,460,fall_benchmark/data/poses/rtmpose/mcfd_t64/dataset__dataset__chute20__cam6__f609_639.npz,rtmpose,64,0,0.239066
dataset/dataset/chute20/cam6.avi,1,639,669,20,6,mcfd,461,fall_benchmark/data/poses/rtmpose/mcfd_t64/dataset__dataset__chute20__cam6__f639_669.npz,rtmpose,64,0,0.259006
dataset/dataset/chute20/cam7.avi,0,354,384,20,7,mcfd,462,fall_benchmark/data/poses/rtmpose/mcfd_t64/dataset__dataset__chute20__cam7__f354_384.npz,rtmpose,64,0,0.666551
dataset/dataset/chute20/cam7.avi,0,404,434,20,7,mcfd,463,fall_benchmark/data/poses/rtmpose/mcfd_t64/dataset__dataset__chute20__cam7__f404_434.npz,rtmpose,64,0,0.641897
dataset/dataset/chute20/cam7.avi,1,549,579,20,7,mcfd,464,fall_benchmark/data/poses/rtmpose/mcfd_t64/dataset__dataset__chute20__cam7__f549_579.npz,rtmpose,64,0,0.628453
dataset/dataset/chute20/cam7.avi,1,579,609,20,7,mcfd,465,fall_benchmark/data/poses/rtmpose/mcfd_t64/dataset__dataset__chute20__cam7__f579_609.npz,rtmpose,64,0,0.438788
dataset/dataset/chute20/cam7.avi,1,609,639,20,7,mcfd,466,fall_benchmark/data/poses/rtmpose/mcfd_t64/dataset__dataset__chute20__cam7__f609_639.npz,rtmpose,64,0,0.378738
dataset/dataset/chute20/cam7.avi,1,639,669,20,7,mcfd,467,fall_benchmark/data/poses/rtmpose/mcfd_t64/dataset__dataset__chute20__cam7__f639_669.npz,rtmpose,64,0,0.365716
dataset/dataset/chute20/cam8.avi,0,350,380,20,8,mcfd,468,fall_benchmark/data/poses/rtmpose/mcfd_t64/dataset__dataset__chute20__cam8__f350_380.npz,rtmpose,64,0,0.685865
dataset/dataset/chute20/cam8.avi,0,400,430,20,8,mcfd,469,fall_benchmark/data/poses/rtmpose/mcfd_t64/dataset__dataset__chute20__cam8__f400_430.npz,rtmpose,64,0,0.657480
dataset/dataset/chute20/cam8.avi,1,545,575,20,8,mcfd,470,fall_benchmark/data/poses/rtmpose/mcfd_t64/dataset__dataset__chute20__cam8__f545_575.npz,rtmpose,64,0,0.663642
dataset/dataset/chute20/cam8.avi,1,575,605,20,8,mcfd,471,fall_benchmark/data/poses/rtmpose/mcfd_t64/dataset__dataset__chute20__cam8__f575_605.npz,rtmpose,64,0,0.703401
dataset/dataset/chute20/cam8.avi,1,605,635,20,8,mcfd,472,fall_benchmark/data/poses/rtmpose/mcfd_t64/dataset__dataset__chute20__cam8__f605_635.npz,rtmpose,64,0,0.570629
dataset/dataset/chute20/cam8.avi,1,635,665,20,8,mcfd,473,fall_benchmark/data/poses/rtmpose/mcfd_t64/dataset__dataset__chute20__cam8__f635_665.npz,rtmpose,64,0,0.445590
dataset/dataset/chute21/cam1.avi,0,558,588,21,1,mcfd,474,fall_benchmark/data/poses/rtmpose/mcfd_t64/dataset__dataset__chute21__cam1__f558_588.npz,rtmpose,64,0,0.562181
dataset/dataset/chute21/cam1.avi,1,888,918,21,1,mcfd,475,fall_benchmark/data/poses/rtmpose/mcfd_t64/dataset__dataset__chute21__cam1__f888_918.npz,rtmpose,64,0,0.444327
dataset/dataset/chute21/cam2.avi,0,568,598,21,2,mcfd,476,fall_benchmark/data/poses/rtmpose/mcfd_t64/dataset__dataset__chute21__cam2__f568_598.npz,rtmpose,64,0,0.569872
dataset/dataset/chute21/cam2.avi,1,898,928,21,2,mcfd,477,fall_benchmark/data/poses/rtmpose/mcfd_t64/dataset__dataset__chute21__cam2__f898_928.npz,rtmpose,64,0,0.618648
dataset/dataset/chute21/cam3.avi,0,560,590,21,3,mcfd,478,fall_benchmark/data/poses/rtmpose/mcfd_t64/dataset__dataset__chute21__cam3__f560_590.npz,rtmpose,64,0,0.380730
dataset/dataset/chute21/cam3.avi,1,890,920,21,3,mcfd,479,fall_benchmark/data/poses/rtmpose/mcfd_t64/dataset__dataset__chute21__cam3__f890_920.npz,rtmpose,64,0,0.286960
dataset/dataset/chute21/cam4.avi,0,538,568,21,4,mcfd,480,fall_benchmark/data/poses/rtmpose/mcfd_t64/dataset__dataset__chute21__cam4__f538_568.npz,rtmpose,64,0,0.225015
dataset/dataset/chute21/cam4.avi,1,868,898,21,4,mcfd,481,fall_benchmark/data/poses/rtmpose/mcfd_t64/dataset__dataset__chute21__cam4__f868_898.npz,rtmpose,64,0,0.183701
dataset/dataset/chute21/cam5.avi,0,546,576,21,5,mcfd,482,fall_benchmark/data/poses/rtmpose/mcfd_t64/dataset__dataset__chute21__cam5__f546_576.npz,rtmpose,64,0,0.616735
dataset/dataset/chute21/cam5.avi,1,876,906,21,5,mcfd,483,fall_benchmark/data/poses/rtmpose/mcfd_t64/dataset__dataset__chute21__cam5__f876_906.npz,rtmpose,64,0,0.242972
dataset/dataset/chute21/cam6.avi,0,570,600,21,6,mcfd,484,fall_benchmark/data/poses/rtmpose/mcfd_t64/dataset__dataset__chute21__cam6__f570_600.npz,rtmpose,64,0,0.510586
dataset/dataset/chute21/cam6.avi,1,900,930,21,6,mcfd,485,fall_benchmark/data/poses/rtmpose/mcfd_t64/dataset__dataset__chute21__cam6__f900_930.npz,rtmpose,64,0,0.268129
dataset/dataset/chute21/cam7.avi,0,570,600,21,7,mcfd,486,fall_benchmark/data/poses/rtmpose/mcfd_t64/dataset__dataset__chute21__cam7__f570_600.npz,rtmpose,64,0,0.619710
dataset/dataset/chute21/cam7.avi,1,900,930,21,7,mcfd,487,fall_benchmark/data/poses/rtmpose/mcfd_t64/dataset__dataset__chute21__cam7__f900_930.npz,rtmpose,64,0,0.478606
dataset/dataset/chute21/cam8.avi,0,538,568,21,8,mcfd,488,fall_benchmark/data/poses/rtmpose/mcfd_t64/dataset__dataset__chute21__cam8__f538_568.npz,rtmpose,64,0,0.575058
dataset/dataset/chute21/cam8.avi,1,868,898,21,8,mcfd,489,fall_benchmark/data/poses/rtmpose/mcfd_t64/dataset__dataset__chute21__cam8__f868_898.npz,rtmpose,64,0,0.548411
dataset/dataset/chute22/cam1.avi,0,736,766,22,1,mcfd,490,fall_benchmark/data/poses/rtmpose/mcfd_t64/dataset__dataset__chute22__cam1__f736_766.npz,rtmpose,64,0,0.358969
dataset/dataset/chute22/cam1.avi,1,772,802,22,1,mcfd,491,fall_benchmark/data/poses/rtmpose/mcfd_t64/dataset__dataset__chute22__cam1__f772_802.npz,rtmpose,64,0,0.327339
dataset/dataset/chute22/cam2.avi,0,782,812,22,2,mcfd,492,fall_benchmark/data/poses/rtmpose/mcfd_t64/dataset__dataset__chute22__cam2__f782_812.npz,rtmpose,64,0,0.777564
dataset/dataset/chute22/cam2.avi,1,818,848,22,2,mcfd,493,fall_benchmark/data/poses/rtmpose/mcfd_t64/dataset__dataset__chute22__cam2__f818_848.npz,rtmpose,64,0,0.661499
dataset/dataset/chute22/cam3.avi,0,787,817,22,3,mcfd,494,fall_benchmark/data/poses/rtmpose/mcfd_t64/dataset__dataset__chute22__cam3__f787_817.npz,rtmpose,64,0,0.697891
dataset/dataset/chute22/cam3.avi,1,823,853,22,3,mcfd,495,fall_benchmark/data/poses/rtmpose/mcfd_t64/dataset__dataset__chute22__cam3__f823_853.npz,rtmpose,64,0,0.679055
dataset/dataset/chute22/cam4.avi,0,777,807,22,4,mcfd,496,fall_benchmark/data/poses/rtmpose/mcfd_t64/dataset__dataset__chute22__cam4__f777_807.npz,rtmpose,64,0,0.606481
dataset/dataset/chute22/cam4.avi,1,813,843,22,4,mcfd,497,fall_benchmark/data/poses/rtmpose/mcfd_t64/dataset__dataset__chute22__cam4__f813_843.npz,rtmpose,64,0,0.548722
dataset/dataset/chute22/cam5.avi,0,789,819,22,5,mcfd,498,fall_benchmark/data/poses/rtmpose/mcfd_t64/dataset__dataset__chute22__cam5__f789_819.npz,rtmpose,64,0,0.266539
dataset/dataset/chute22/cam5.avi,1,825,855,22,5,mcfd,499,fall_benchmark/data/poses/rtmpose/mcfd_t64/dataset__dataset__chute22__cam5__f825_855.npz,rtmpose,64,0,0.340929
dataset/dataset/chute22/cam6.avi,0,782,812,22,6,mcfd,500,fall_benchmark/data/poses/rtmpose/mcfd_t64/dataset__dataset__chute22__cam6__f782_812.npz,rtmpose,64,0,0.718777
dataset/dataset/chute22/cam6.avi,1,818,848,22,6,mcfd,501,fall_benchmark/data/poses/rtmpose/mcfd_t64/dataset__dataset__chute22__cam6__f818_848.npz,rtmpose,64,0,0.651084
dataset/dataset/chute22/cam7.avi,0,782,812,22,7,mcfd,502,fall_benchmark/data/poses/rtmpose/mcfd_t64/dataset__dataset__chute22__cam7__f782_812.npz,rtmpose,64,0,0.800255
dataset/dataset/chute22/cam7.avi,1,818,848,22,7,mcfd,503,fall_benchmark/data/poses/rtmpose/mcfd_t64/dataset__dataset__chute22__cam7__f818_848.npz,rtmpose,64,0,0.766918
dataset/dataset/chute22/cam8.avi,0,770,800,22,8,mcfd,504,fall_benchmark/data/poses/rtmpose/mcfd_t64/dataset__dataset__chute22__cam8__f770_800.npz,rtmpose,64,0,0.402243
dataset/dataset/chute22/cam8.avi,1,806,836,22,8,mcfd,505,fall_benchmark/data/poses/rtmpose/mcfd_t64/dataset__dataset__chute22__cam8__f806_836.npz,rtmpose,64,0,0.407027
dataset/dataset/chute23/cam1.avi,0,694,724,23,1,mcfd,506,fall_benchmark/data/poses/rtmpose/mcfd_t64/dataset__dataset__chute23__cam1__f694_724.npz,rtmpose,64,0,0.567630
dataset/dataset/chute23/cam1.avi,1,1551,1581,23,1,mcfd,507,fall_benchmark/data/poses/rtmpose/mcfd_t64/dataset__dataset__chute23__cam1__f1551_1581.npz,rtmpose,64,0,0.355796
dataset/dataset/chute23/cam1.avi,1,1581,1611,23,1,mcfd,508,fall_benchmark/data/poses/rtmpose/mcfd_t64/dataset__dataset__chute23__cam1__f1581_1611.npz,rtmpose,64,0,0.398849
dataset/dataset/chute23/cam1.avi,0,1693,1723,23,1,mcfd,509,fall_benchmark/data/poses/rtmpose/mcfd_t64/dataset__dataset__chute23__cam1__f1693_1723.npz,rtmpose,64,0,0.659387
dataset/dataset/chute23/cam1.avi,1,3605,3635,23,1,mcfd,510,fall_benchmark/data/poses/rtmpose/mcfd_t64/dataset__dataset__chute23__cam1__f3605_3635.npz,rtmpose,64,0,0.390151
dataset/dataset/chute23/cam1.avi,0,4137,4167,23,1,mcfd,511,fall_benchmark/data/poses/rtmpose/mcfd_t64/dataset__dataset__chute23__cam1__f4137_4167.npz,rtmpose,64,0,0.752861
dataset/dataset/chute23/cam2.avi,0,715,745,23,2,mcfd,512,fall_benchmark/data/poses/rtmpose/mcfd_t64/dataset__dataset__chute23__cam2__f715_745.npz,rtmpose,64,0,0.666259
dataset/dataset/chute23/cam2.avi,1,1572,1602,23,2,mcfd,513,fall_benchmark/data/poses/rtmpose/mcfd_t64/dataset__dataset__chute23__cam2__f1572_1602.npz,rtmpose,64,0,0.361742
dataset/dataset/chute23/cam2.avi,1,1602,1632,23,2,mcfd,514,fall_benchmark/data/poses/rtmpose/mcfd_t64/dataset__dataset__chute23__cam2__f1602_1632.npz,rtmpose,64,0,0.467934
dataset/dataset/chute23/cam2.avi,0,1714,1744,23,2,mcfd,515,fall_benchmark/data/poses/rtmpose/mcfd_t64/dataset__dataset__chute23__cam2__f1714_1744.npz,rtmpose,64,0,0.672868
dataset/dataset/chute23/cam2.avi,1,3626,3656,23,2,mcfd,516,fall_benchmark/data/poses/rtmpose/mcfd_t64/dataset__dataset__chute23__cam2__f3626_3656.npz,rtmpose,64,0,0.276200
dataset/dataset/chute23/cam2.avi,0,4158,4188,23,2,mcfd,517,fall_benchmark/data/poses/rtmpose/mcfd_t64/dataset__dataset__chute23__cam2__f4158_4188.npz,rtmpose,64,0,0.680900
dataset/dataset/chute23/cam3.avi,0,715,745,23,3,mcfd,518,fall_benchmark/data/poses/rtmpose/mcfd_t64/dataset__dataset__chute23__cam3__f715_745.npz,rtmpose,64,0,0.663801
dataset/dataset/chute23/cam5.avi,1,1572,1602,23,5,mcfd,519,fall_benchmark/data/poses/rtmpose/mcfd_t64/dataset__dataset__chute23__cam5__f1572_1602.npz,rtmpose,64,0,0.240220
dataset/dataset/chute23/cam3.avi,1,1602,1632,23,3,mcfd,520,fall_benchmark/data/poses/rtmpose/mcfd_t64/dataset__dataset__chute23__cam3__f1602_1632.npz,rtmpose,64,0,0.668661
dataset/dataset/chute23/cam3.avi,0,1714,1744,23,3,mcfd,521,fall_benchmark/data/poses/rtmpose/mcfd_t64/dataset__dataset__chute23__cam3__f1714_1744.npz,rtmpose,64,0,0.703559
dataset/dataset/chute23/cam3.avi,1,3626,3656,23,3,mcfd,522,fall_benchmark/data/poses/rtmpose/mcfd_t64/dataset__dataset__chute23__cam3__f3626_3656.npz,rtmpose,64,0,0.581516
dataset/dataset/chute23/cam3.avi,0,4158,4188,23,3,mcfd,523,fall_benchmark/data/poses/rtmpose/mcfd_t64/dataset__dataset__chute23__cam3__f4158_4188.npz,rtmpose,64,0,0.701849
dataset/dataset/chute23/cam4.avi,0,708,738,23,4,mcfd,524,fall_benchmark/data/poses/rtmpose/mcfd_t64/dataset__dataset__chute23__cam4__f708_738.npz,rtmpose,64,0,0.422057
dataset/dataset/chute23/cam4.avi,1,1565,1595,23,4,mcfd,525,fall_benchmark/data/poses/rtmpose/mcfd_t64/dataset__dataset__chute23__cam4__f1565_1595.npz,rtmpose,64,0,0.667062
dataset/dataset/chute23/cam4.avi,1,1595,1625,23,4,mcfd,526,fall_benchmark/data/poses/rtmpose/mcfd_t64/dataset__dataset__chute23__cam4__f1595_1625.npz,rtmpose,64,0,0.663188
dataset/dataset/chute23/cam4.avi,0,1707,1737,23,4,mcfd,527,fall_benchmark/data/poses/rtmpose/mcfd_t64/dataset__dataset__chute23__cam4__f1707_1737.npz,rtmpose,64,0,0.731193
dataset/dataset/chute23/cam4.avi,1,3619,3649,23,4,mcfd,528,fall_benchmark/data/poses/rtmpose/mcfd_t64/dataset__dataset__chute23__cam4__f3619_3649.npz,rtmpose,64,0,0.547678
dataset/dataset/chute23/cam4.avi,0,4151,4181,23,4,mcfd,529,fall_benchmark/data/poses/rtmpose/mcfd_t64/dataset__dataset__chute23__cam4__f4151_4181.npz,rtmpose,64,0,0.696568
dataset/dataset/chute23/cam5.avi,0,717,747,23,5,mcfd,530,fall_benchmark/data/poses/rtmpose/mcfd_t64/dataset__dataset__chute23__cam5__f717_747.npz,rtmpose,64,0,0.638823
dataset/dataset/chute23/cam5.avi,1,1574,1604,23,5,mcfd,531,fall_benchmark/data/poses/rtmpose/mcfd_t64/dataset__dataset__chute23__cam5__f1574_1604.npz,rtmpose,64,0,0.240339
dataset/dataset/chute23/cam5.avi,1,1604,1634,23,5,mcfd,532,fall_benchmark/data/poses/rtmpose/mcfd_t64/dataset__dataset__chute23__cam5__f1604_1634.npz,rtmpose,64,0,0.243651
dataset/dataset/chute23/cam5.avi,0,1716,1746,23,5,mcfd,533,fall_benchmark/data/poses/rtmpose/mcfd_t64/dataset__dataset__chute23__cam5__f1716_1746.npz,rtmpose,64,0,0.717103
dataset/dataset/chute23/cam5.avi,1,3628,3658,23,5,mcfd,534,fall_benchmark/data/poses/rtmpose/mcfd_t64/dataset__dataset__chute23__cam5__f3628_3658.npz,rtmpose,64,0,0.349833
dataset/dataset/chute23/cam5.avi,0,4160,4190,23,5,mcfd,535,fall_benchmark/data/poses/rtmpose/mcfd_t64/dataset__dataset__chute23__cam5__f4160_4190.npz,rtmpose,64,0,0.752664
dataset/dataset/chute23/cam6.avi,0,723,753,23,6,mcfd,536,fall_benchmark/data/poses/rtmpose/mcfd_t64/dataset__dataset__chute23__cam6__f723_753.npz,rtmpose,64,0,0.638924
dataset/dataset/chute23/cam6.avi,1,1580,1610,23,6,mcfd,537,fall_benchmark/data/poses/rtmpose/mcfd_t64/dataset__dataset__chute23__cam6__f1580_1610.npz,rtmpose,64,0,0.636450
dataset/dataset/chute23/cam6.avi,1,1610,1640,23,6,mcfd,538,fall_benchmark/data/poses/rtmpose/mcfd_t64/dataset__dataset__chute23__cam6__f1610_1640.npz,rtmpose,64,0,0.567786
dataset/dataset/chute23/cam6.avi,0,1722,1752,23,6,mcfd,539,fall_benchmark/data/poses/rtmpose/mcfd_t64/dataset__dataset__chute23__cam6__f1722_1752.npz,rtmpose,64,0,0.675992
dataset/dataset/chute23/cam6.avi,1,3634,3664,23,6,mcfd,540,fall_benchmark/data/poses/rtmpose/mcfd_t64/dataset__dataset__chute23__cam6__f3634_3664.npz,rtmpose,64,0,0.630631
dataset/dataset/chute23/cam6.avi,0,4166,4196,23,6,mcfd,541,fall_benchmark/data/poses/rtmpose/mcfd_t64/dataset__dataset__chute23__cam6__f4166_4196.npz,rtmpose,64,0,0.652017
dataset/dataset/chute23/cam7.avi,0,713,743,23,7,mcfd,542,fall_benchmark/data/poses/rtmpose/mcfd_t64/dataset__dataset__chute23__cam7__f713_743.npz,rtmpose,64,0,0.671567
dataset/dataset/chute23/cam7.avi,1,1570,1600,23,7,mcfd,543,fall_benchmark/data/poses/rtmpose/mcfd_t64/dataset__dataset__chute23__cam7__f1570_1600.npz,rtmpose,64,0,0.307781
dataset/dataset/chute23/cam7.avi,1,1600,1630,23,7,mcfd,544,fall_benchmark/data/poses/rtmpose/mcfd_t64/dataset__dataset__chute23__cam7__f1600_1630.npz,rtmpose,64,0,0.534102
dataset/dataset/chute23/cam7.avi,0,1712,1742,23,7,mcfd,545,fall_benchmark/data/poses/rtmpose/mcfd_t64/dataset__dataset__chute23__cam7__f1712_1742.npz,rtmpose,64,0,0.720326
dataset/dataset/chute23/cam7.avi,1,3624,3654,23,7,mcfd,546,fall_benchmark/data/poses/rtmpose/mcfd_t64/dataset__dataset__chute23__cam7__f3624_3654.npz,rtmpose,64,0,0.663886
dataset/dataset/chute23/cam7.avi,0,4156,4186,23,7,mcfd,547,fall_benchmark/data/poses/rtmpose/mcfd_t64/dataset__dataset__chute23__cam7__f4156_4186.npz,rtmpose,64,0,0.672965
dataset/dataset/chute23/cam8.avi,0,663,693,23,8,mcfd,548,fall_benchmark/data/poses/rtmpose/mcfd_t64/dataset__dataset__chute23__cam8__f663_693.npz,rtmpose,64,0,0.627758
dataset/dataset/chute23/cam8.avi,1,1520,1550,23,8,mcfd,549,fall_benchmark/data/poses/rtmpose/mcfd_t64/dataset__dataset__chute23__cam8__f1520_1550.npz,rtmpose,64,0,0.506988
dataset/dataset/chute23/cam8.avi,1,1550,1580,23,8,mcfd,550,fall_benchmark/data/poses/rtmpose/mcfd_t64/dataset__dataset__chute23__cam8__f1550_1580.npz,rtmpose,64,0,0.212963
dataset/dataset/chute23/cam8.avi,0,1662,1692,23,8,mcfd,551,fall_benchmark/data/poses/rtmpose/mcfd_t64/dataset__dataset__chute23__cam8__f1662_1692.npz,rtmpose,64,0,0.670122
dataset/dataset/chute23/cam8.avi,1,3574,3604,23,8,mcfd,552,fall_benchmark/data/poses/rtmpose/mcfd_t64/dataset__dataset__chute23__cam8__f3574_3604.npz,rtmpose,64,0,0.576517
dataset/dataset/chute23/cam8.avi,0,4106,4136,23,8,mcfd,553,fall_benchmark/data/poses/rtmpose/mcfd_t64/dataset__dataset__chute23__cam8__f4106_4136.npz,rtmpose,64,0,0.722085
