sample,path,start_frame,end_frame,camera,label,category,RTMPose+ST-GCN++_probability,YOLO-Pose+ST-GCN++_probability,YOLO-Pose+CTR-GCN_probability
dataset/dataset/chute01/cam2.avi#f1052-1082,dataset/dataset/chute01/cam2.avi,1052,1082,2,0,路线分歧,0.98763570,0.60375397,0.49297568
dataset/dataset/chute01/cam2.avi#f1083-1113,dataset/dataset/chute01/cam2.avi,1083,1113,2,1,共同正确,0.99630912,0.76908978,0.61680395
dataset/dataset/chute01/cam2.avi#f1114-1144,dataset/dataset/chute01/cam2.avi,1114,1144,2,0,路线分歧,0.62495641,0.20077869,0.33711209
dataset/dataset/chute01/cam4.avi#f1053-1083,dataset/dataset/chute01/cam4.avi,1053,1083,4,0,路线分歧,0.12470352,0.47120205,0.62115762
dataset/dataset/chute01/cam4.avi#f1084-1114,dataset/dataset/chute01/cam4.avi,1084,1114,4,1,共同正确,0.99949428,0.86504634,0.75949172
dataset/dataset/chute01/cam4.avi#f1115-1145,dataset/dataset/chute01/cam4.avi,1115,1145,4,0,路线分歧,0.99990170,0.79995222,0.48719401
dataset/dataset/chute01/cam5.avi#f1072-1102,dataset/dataset/chute01/cam5.avi,1072,1102,5,0,共同正确,0.23048194,0.28334350,0.32173029
dataset/dataset/chute01/cam5.avi#f1103-1133,dataset/dataset/chute01/cam5.avi,1103,1133,5,1,共同正确,0.51925809,0.82315838,0.67099510
dataset/dataset/chute01/cam5.avi#f1134-1164,dataset/dataset/chute01/cam5.avi,1134,1164,5,0,路线分歧,0.59265771,0.29862220,0.50787582
dataset/dataset/chute01/cam6.avi#f1055-1085,dataset/dataset/chute01/cam6.avi,1055,1085,6,0,路线分歧,0.22925406,0.80201222,0.69319360
dataset/dataset/chute01/cam6.avi#f1086-1116,dataset/dataset/chute01/cam6.avi,1086,1116,6,1,共同正确,0.98049666,0.97894461,0.86682416
dataset/dataset/chute01/cam6.avi#f1117-1147,dataset/dataset/chute01/cam6.avi,1117,1147,6,0,共同误报,0.83534187,0.99466830,0.92298919
dataset/dataset/chute01/cam7.avi#f1055-1085,dataset/dataset/chute01/cam7.avi,1055,1085,7,0,共同正确,0.44693834,0.17137877,0.23607458
dataset/dataset/chute01/cam7.avi#f1086-1116,dataset/dataset/chute01/cam7.avi,1086,1116,7,1,共同正确,0.92153034,0.91981450,0.80277629
dataset/dataset/chute01/cam7.avi#f1117-1147,dataset/dataset/chute01/cam7.avi,1117,1147,7,0,路线分歧,0.26967623,0.99571991,0.91538110
dataset/dataset/chute01/cam8.avi#f1049-1079,dataset/dataset/chute01/cam8.avi,1049,1079,8,0,共同正确,0.21754721,0.17345029,0.23803794
dataset/dataset/chute01/cam8.avi#f1080-1110,dataset/dataset/chute01/cam8.avi,1080,1110,8,1,路线分歧,0.46818174,0.60929396,0.37613791
dataset/dataset/chute01/cam8.avi#f1111-1141,dataset/dataset/chute01/cam8.avi,1111,1141,8,0,共同误报,0.99999484,0.90463635,0.85494065
dataset/dataset/chute02/cam2.avi#f384-414,dataset/dataset/chute02/cam2.avi,384,414,2,0,共同正确,0.20945746,0.13351966,0.21279277
dataset/dataset/chute02/cam2.avi#f415-445,dataset/dataset/chute02/cam2.avi,415,445,2,1,共同正确,0.89525506,0.97980419,0.87194708
dataset/dataset/chute02/cam2.avi#f445-475,dataset/dataset/chute02/cam2.avi,445,475,2,0,共同误报,0.94306397,0.97672047,0.86784674
dataset/dataset/chute02/cam4.avi#f360-390,dataset/dataset/chute02/cam4.avi,360,390,4,0,共同正确,0.13754842,0.33264422,0.38745847
dataset/dataset/chute02/cam4.avi#f391-421,dataset/dataset/chute02/cam4.avi,391,421,4,1,路线分歧,0.97856756,0.44306784,0.74519032
dataset/dataset/chute02/cam4.avi#f421-451,dataset/dataset/chute02/cam4.avi,421,451,4,0,路线分歧,0.99973013,0.43933553,0.40324899
dataset/dataset/chute02/cam5.avi#f362-392,dataset/dataset/chute02/cam5.avi,362,392,5,0,路线分歧,0.24562756,0.78158181,0.70309564
dataset/dataset/chute02/cam5.avi#f393-423,dataset/dataset/chute02/cam5.avi,393,423,5,1,共同正确,0.98318912,0.56964778,0.60135733
dataset/dataset/chute02/cam5.avi#f423-453,dataset/dataset/chute02/cam5.avi,423,453,5,0,共同误报,0.99790953,0.99828912,0.91379419
dataset/dataset/chute02/cam6.avi#f377-407,dataset/dataset/chute02/cam6.avi,377,407,6,0,共同正确,0.07760101,0.12146542,0.21772881
dataset/dataset/chute02/cam6.avi#f408-438,dataset/dataset/chute02/cam6.avi,408,438,6,1,共同漏报,0.23467147,0.28170423,0.26856645
dataset/dataset/chute02/cam6.avi#f438-468,dataset/dataset/chute02/cam6.avi,438,468,6,0,共同正确,0.42973545,0.32245447,0.27844802
dataset/dataset/chute02/cam7.avi#f377-407,dataset/dataset/chute02/cam7.avi,377,407,7,0,路线分歧,0.60456555,0.10363164,0.31475017
dataset/dataset/chute02/cam7.avi#f408-438,dataset/dataset/chute02/cam7.avi,408,438,7,1,共同漏报,0.48792724,0.31639928,0.32198974
dataset/dataset/chute02/cam7.avi#f438-468,dataset/dataset/chute02/cam7.avi,438,468,7,0,路线分歧,0.94223924,0.45912633,0.22885245
dataset/dataset/chute02/cam8.avi#f350-380,dataset/dataset/chute02/cam8.avi,350,380,8,0,共同正确,0.22043511,0.26345815,0.48409804
dataset/dataset/chute02/cam8.avi#f381-411,dataset/dataset/chute02/cam8.avi,381,411,8,1,共同正确,0.66030509,0.87560135,0.80811314
dataset/dataset/chute02/cam8.avi#f411-441,dataset/dataset/chute02/cam8.avi,411,441,8,0,共同误报,0.97855407,0.96061830,0.87802784
dataset/dataset/chute03/cam2.avi#f576-606,dataset/dataset/chute03/cam2.avi,576,606,2,0,共同正确,0.14396752,0.10131013,0.25577746
dataset/dataset/chute03/cam2.avi#f607-637,dataset/dataset/chute03/cam2.avi,607,637,2,1,路线分歧,0.37238089,0.56917989,0.68384686
dataset/dataset/chute03/cam4.avi#f576-606,dataset/dataset/chute03/cam4.avi,576,606,4,0,路线分歧,0.18847513,0.50820914,0.67425117
dataset/dataset/chute03/cam4.avi#f607-637,dataset/dataset/chute03/cam4.avi,607,637,4,1,共同正确,0.99105081,0.94490939,0.75564726
dataset/dataset/chute03/cam5.avi#f595-625,dataset/dataset/chute03/cam5.avi,595,625,5,0,共同正确,0.14856441,0.27787505,0.28641116
dataset/dataset/chute03/cam5.avi#f626-656,dataset/dataset/chute03/cam5.avi,626,656,5,1,路线分歧,0.22426825,0.98358288,0.83670916
dataset/dataset/chute03/cam6.avi#f580-610,dataset/dataset/chute03/cam6.avi,580,610,6,0,共同正确,0.23319185,0.15672833,0.21516605
dataset/dataset/chute03/cam6.avi#f611-641,dataset/dataset/chute03/cam6.avi,611,641,6,1,共同正确,0.89116776,0.95791611,0.79478614
dataset/dataset/chute03/cam7.avi#f580-610,dataset/dataset/chute03/cam7.avi,580,610,7,0,共同正确,0.31366683,0.15355422,0.21862608
dataset/dataset/chute03/cam7.avi#f611-641,dataset/dataset/chute03/cam7.avi,611,641,7,1,路线分歧,0.80252346,0.62440754,0.48283387
dataset/dataset/chute03/cam8.avi#f560-590,dataset/dataset/chute03/cam8.avi,560,590,8,0,共同正确,0.13846416,0.23042625,0.26165793
dataset/dataset/chute03/cam8.avi#f591-621,dataset/dataset/chute03/cam8.avi,591,621,8,1,共同漏报,0.29210440,0.41103888,0.31282732
dataset/dataset/chute04/cam2.avi#f336-366,dataset/dataset/chute04/cam2.avi,336,366,2,0,共同正确,0.12398091,0.08926814,0.20124541
dataset/dataset/chute04/cam2.avi#f367-397,dataset/dataset/chute04/cam2.avi,367,397,2,1,共同正确,0.91598822,0.98044699,0.86624134
dataset/dataset/chute04/cam2.avi#f398-428,dataset/dataset/chute04/cam2.avi,398,428,2,0,共同误报,0.97487426,0.99201119,0.90589797
dataset/dataset/chute04/cam2.avi#f683-713,dataset/dataset/chute04/cam2.avi,683,713,2,1,共同正确,0.98987529,0.97399433,0.90397662
dataset/dataset/chute04/cam2.avi#f714-744,dataset/dataset/chute04/cam2.avi,714,744,2,0,共同误报,0.97144017,0.96829320,0.91001537
dataset/dataset/chute04/cam4.avi#f257-287,dataset/dataset/chute04/cam4.avi,257,287,4,0,共同正确,0.12342257,0.32995927,0.39680937
dataset/dataset/chute04/cam4.avi#f288-318,dataset/dataset/chute04/cam4.avi,288,318,4,1,路线分歧,0.93060358,0.45131277,0.38294704
dataset/dataset/chute04/cam4.avi#f319-349,dataset/dataset/chute04/cam4.avi,319,349,4,0,共同误报,1.00000000,0.84022552,0.57667954
dataset/dataset/chute04/cam4.avi#f604-634,dataset/dataset/chute04/cam4.avi,604,634,4,1,共同正确,0.98985602,0.93268348,0.62000392
dataset/dataset/chute04/cam4.avi#f635-665,dataset/dataset/chute04/cam4.avi,635,665,4,0,共同误报,0.99240203,0.88877232,0.52615846
dataset/dataset/chute04/cam5.avi#f325-355,dataset/dataset/chute04/cam5.avi,325,355,5,0,路线分歧,0.20973375,0.49093095,0.65799149
dataset/dataset/chute04/cam5.avi#f356-386,dataset/dataset/chute04/cam5.avi,356,386,5,1,共同正确,0.99066527,0.61275578,0.69654226
dataset/dataset/chute04/cam5.avi#f387-417,dataset/dataset/chute04/cam5.avi,387,417,5,0,共同误报,0.96315192,0.92724644,0.85765426
dataset/dataset/chute04/cam5.avi#f672-702,dataset/dataset/chute04/cam5.avi,672,702,5,1,共同正确,0.99937375,0.72154633,0.71058324
dataset/dataset/chute04/cam5.avi#f703-733,dataset/dataset/chute04/cam5.avi,703,733,5,0,共同误报,0.99985869,0.81605884,0.75411208
dataset/dataset/chute04/cam6.avi#f339-369,dataset/dataset/chute04/cam6.avi,339,369,6,0,共同正确,0.12359660,0.13930728,0.21971407
dataset/dataset/chute04/cam6.avi#f370-400,dataset/dataset/chute04/cam6.avi,370,400,6,1,路线分歧,0.62138987,0.21346603,0.27994969
dataset/dataset/chute04/cam6.avi#f401-431,dataset/dataset/chute04/cam6.avi,401,431,6,0,路线分歧,0.75587535,0.49649637,0.70941512
dataset/dataset/chute04/cam6.avi#f686-716,dataset/dataset/chute04/cam6.avi,686,716,6,1,共同正确,0.99364850,0.98139651,0.83894221
dataset/dataset/chute04/cam6.avi#f717-747,dataset/dataset/chute04/cam6.avi,717,747,6,0,路线分歧,0.99086638,0.32379758,0.21967175
dataset/dataset/chute04/cam7.avi#f340-370,dataset/dataset/chute04/cam7.avi,340,370,7,0,共同误报,0.99756067,0.64061175,0.53196578
dataset/dataset/chute04/cam7.avi#f371-401,dataset/dataset/chute04/cam7.avi,371,401,7,1,共同漏报,0.14391298,0.28554852,0.44073757
dataset/dataset/chute04/cam7.avi#f402-432,dataset/dataset/chute04/cam7.avi,402,432,7,0,路线分歧,0.11730916,0.54552762,0.42982229
dataset/dataset/chute04/cam7.avi#f687-717,dataset/dataset/chute04/cam7.avi,687,717,7,1,路线分歧,0.15047491,0.61399279,0.57467560
dataset/dataset/chute04/cam7.avi#f718-748,dataset/dataset/chute04/cam7.avi,718,748,7,0,路线分歧,0.07768644,0.97370133,0.91325599
dataset/dataset/chute04/cam8.avi#f313-343,dataset/dataset/chute04/cam8.avi,313,343,8,0,路线分歧,0.20396177,0.57445729,0.55177835
dataset/dataset/chute04/cam8.avi#f344-374,dataset/dataset/chute04/cam8.avi,344,374,8,1,共同正确,0.67361356,0.87320223,0.72175376
dataset/dataset/chute04/cam8.avi#f375-405,dataset/dataset/chute04/cam8.avi,375,405,8,0,共同误报,0.99563482,0.98614055,0.91203962
dataset/dataset/chute04/cam8.avi#f660-690,dataset/dataset/chute04/cam8.avi,660,690,8,1,共同正确,0.88845436,0.80407400,0.69554493
dataset/dataset/chute04/cam8.avi#f691-721,dataset/dataset/chute04/cam8.avi,691,721,8,0,共同误报,0.98124258,0.98997982,0.89953816
dataset/dataset/chute05/cam2.avi#f333-363,dataset/dataset/chute05/cam2.avi,333,363,2,1,共同正确,0.95534770,0.94828996,0.81611156
dataset/dataset/chute05/cam2.avi#f364-394,dataset/dataset/chute05/cam2.avi,364,394,2,0,共同误报,0.96146885,0.99344046,0.93105718
dataset/dataset/chute05/cam4.avi#f320-350,dataset/dataset/chute05/cam4.avi,320,350,4,1,路线分歧,0.68069176,0.31490432,0.31423824
dataset/dataset/chute05/cam4.avi#f351-381,dataset/dataset/chute05/cam4.avi,351,381,4,0,路线分歧,0.99999496,0.50967904,0.44940610
dataset/dataset/chute05/cam5.avi#f327-357,dataset/dataset/chute05/cam5.avi,327,357,5,1,共同正确,0.99718481,0.96217303,0.74628574
dataset/dataset/chute05/cam5.avi#f358-388,dataset/dataset/chute05/cam5.avi,358,388,5,0,共同误报,0.82833989,0.93670240,0.83499433
dataset/dataset/chute05/cam6.avi#f335-365,dataset/dataset/chute05/cam6.avi,335,365,6,1,共同漏报,0.32257522,0.43073352,0.39991555
dataset/dataset/chute05/cam6.avi#f366-396,dataset/dataset/chute05/cam6.avi,366,396,6,0,共同误报,0.81079143,0.98871979,0.90779354
dataset/dataset/chute05/cam7.avi#f337-367,dataset/dataset/chute05/cam7.avi,337,367,7,1,共同正确,0.99678855,0.95083357,0.83477405
dataset/dataset/chute05/cam7.avi#f368-398,dataset/dataset/chute05/cam7.avi,368,398,7,0,共同误报,0.52536218,0.98467194,0.89635889
dataset/dataset/chute05/cam8.avi#f309-339,dataset/dataset/chute05/cam8.avi,309,339,8,1,共同正确,0.99894613,0.87311485,0.78440147
dataset/dataset/chute05/cam8.avi#f340-370,dataset/dataset/chute05/cam8.avi,340,370,8,0,共同误报,0.96045999,0.89311627,0.71986590
dataset/dataset/chute06/cam2.avi#f632-662,dataset/dataset/chute06/cam2.avi,632,662,2,0,共同正确,0.24751313,0.28377034,0.31386065
dataset/dataset/chute06/cam2.avi#f683-713,dataset/dataset/chute06/cam2.avi,683,713,2,1,共同漏报,0.18600122,0.20662908,0.24405521
dataset/dataset/chute06/cam2.avi#f703-733,dataset/dataset/chute06/cam2.avi,703,733,2,1,路线分歧,0.19327917,0.53358452,0.65594400
dataset/dataset/chute06/cam2.avi#f740-770,dataset/dataset/chute06/cam2.avi,740,770,2,0,共同正确,0.10661071,0.22024919,0.18536948
dataset/dataset/chute06/cam4.avi#f622-652,dataset/dataset/chute06/cam4.avi,622,652,4,0,路线分歧,0.12472356,0.64014043,0.49869103
dataset/dataset/chute06/cam4.avi#f673-703,dataset/dataset/chute06/cam4.avi,673,703,4,1,路线分歧,0.41908907,0.40338407,0.67239170
dataset/dataset/chute06/cam4.avi#f693-723,dataset/dataset/chute06/cam4.avi,693,723,4,1,共同正确,0.99933803,0.90092233,0.90400313
dataset/dataset/chute06/cam4.avi#f730-760,dataset/dataset/chute06/cam4.avi,730,760,4,0,共同误报,0.94155574,0.83863778,0.50190117
dataset/dataset/chute06/cam5.avi#f622-652,dataset/dataset/chute06/cam5.avi,622,652,5,0,路线分歧,0.17133735,0.81916359,0.69917023
dataset/dataset/chute06/cam5.avi#f673-703,dataset/dataset/chute06/cam5.avi,673,703,5,1,路线分歧,0.16932229,0.57503559,0.61388971
dataset/dataset/chute06/cam5.avi#f693-723,dataset/dataset/chute06/cam5.avi,693,723,5,1,路线分歧,0.27459785,0.42219523,0.50751565
dataset/dataset/chute06/cam5.avi#f730-760,dataset/dataset/chute06/cam5.avi,730,760,5,0,共同正确,0.20861588,0.46134841,0.39410202
dataset/dataset/chute06/cam6.avi#f635-665,dataset/dataset/chute06/cam6.avi,635,665,6,0,共同正确,0.15238723,0.15735831,0.20108944
dataset/dataset/chute06/cam6.avi#f686-716,dataset/dataset/chute06/cam6.avi,686,716,6,1,共同正确,0.65410535,0.94188103,0.79695074
dataset/dataset/chute06/cam6.avi#f706-736,dataset/dataset/chute06/cam6.avi,706,736,6,1,共同正确,0.99258049,0.99571991,0.91538110
dataset/dataset/chute06/cam6.avi#f743-773,dataset/dataset/chute06/cam6.avi,743,773,6,0,共同误报,0.81431864,0.99571991,0.91538110
dataset/dataset/chute06/cam7.avi#f635-665,dataset/dataset/chute06/cam7.avi,635,665,7,0,共同正确,0.17961162,0.13937343,0.21525023
dataset/dataset/chute06/cam7.avi#f686-716,dataset/dataset/chute06/cam7.avi,686,716,7,1,共同漏报,0.18010288,0.25049044,0.24121496
dataset/dataset/chute06/cam7.avi#f706-736,dataset/dataset/chute06/cam7.avi,706,736,7,1,路线分歧,0.64654124,0.71473698,0.46593237
dataset/dataset/chute06/cam7.avi#f743-773,dataset/dataset/chute06/cam7.avi,743,773,7,0,路线分歧,0.10860922,0.54905233,0.43514865
dataset/dataset/chute06/cam8.avi#f621-651,dataset/dataset/chute06/cam8.avi,621,651,8,0,共同正确,0.20429480,0.19662298,0.22891263
dataset/dataset/chute06/cam8.avi#f672-702,dataset/dataset/chute06/cam8.avi,672,702,8,1,共同漏报,0.21021965,0.13016629,0.21997843
dataset/dataset/chute06/cam8.avi#f692-722,dataset/dataset/chute06/cam8.avi,692,722,8,1,共同漏报,0.21006774,0.26181680,0.22095155
dataset/dataset/chute06/cam8.avi#f729-759,dataset/dataset/chute06/cam8.avi,729,759,8,0,共同误报,0.57525279,0.84307301,0.77124620
dataset/dataset/chute07/cam2.avi#f460-490,dataset/dataset/chute07/cam2.avi,460,490,2,0,共同正确,0.17445656,0.29432593,0.30814161
dataset/dataset/chute07/cam2.avi#f491-521,dataset/dataset/chute07/cam2.avi,491,521,2,1,共同正确,0.83504818,0.91857736,0.75206515
dataset/dataset/chute07/cam4.avi#f445-475,dataset/dataset/chute07/cam4.avi,445,475,4,0,共同正确,0.27199252,0.41706582,0.31550018
dataset/dataset/chute07/cam4.avi#f476-506,dataset/dataset/chute07/cam4.avi,476,506,4,1,路线分歧,0.16960184,0.51467789,0.32955379
dataset/dataset/chute07/cam5.avi#f463-493,dataset/dataset/chute07/cam5.avi,463,493,5,0,路线分歧,0.20531542,0.50055452,0.62026735
dataset/dataset/chute07/cam5.avi#f494-524,dataset/dataset/chute07/cam5.avi,494,524,5,1,共同正确,0.99985635,0.83912042,0.81472157
dataset/dataset/chute07/cam6.avi#f463-493,dataset/dataset/chute07/cam6.avi,463,493,6,0,共同正确,0.14253949,0.32629515,0.25584204
dataset/dataset/chute07/cam6.avi#f494-524,dataset/dataset/chute07/cam6.avi,494,524,6,1,共同漏报,0.07799958,0.30984691,0.26256200
dataset/dataset/chute07/cam7.avi#f463-493,dataset/dataset/chute07/cam7.avi,463,493,7,0,共同正确,0.24028776,0.12443523,0.21726299
dataset/dataset/chute07/cam7.avi#f494-524,dataset/dataset/chute07/cam7.avi,494,524,7,1,共同漏报,0.18895555,0.29896866,0.35732567
dataset/dataset/chute07/cam8.avi#f463-493,dataset/dataset/chute07/cam8.avi,463,493,8,0,共同正确,0.23885325,0.14193956,0.20133675
dataset/dataset/chute07/cam8.avi#f494-524,dataset/dataset/chute07/cam8.avi,494,524,8,1,路线分歧,0.41615379,0.53898358,0.56918781
dataset/dataset/chute08/cam2.avi#f319-349,dataset/dataset/chute08/cam2.avi,319,349,2,0,共同正确,0.17243381,0.32165056,0.28598535
dataset/dataset/chute08/cam2.avi#f350-380,dataset/dataset/chute08/cam2.avi,350,380,2,1,共同正确,0.99592365,0.99158254,0.82005920
dataset/dataset/chute08/cam4.avi#f321-351,dataset/dataset/chute08/cam4.avi,321,351,4,0,共同正确,0.13220094,0.33401753,0.48414214
dataset/dataset/chute08/cam4.avi#f352-382,dataset/dataset/chute08/cam4.avi,352,382,4,1,共同正确,0.99490719,0.77184626,0.75179856
dataset/dataset/chute08/cam5.avi#f304-334,dataset/dataset/chute08/cam5.avi,304,334,5,0,路线分歧,0.20436228,0.37099124,0.65234215
dataset/dataset/chute08/cam5.avi#f335-365,dataset/dataset/chute08/cam5.avi,335,365,5,1,共同正确,0.93784459,0.58265206,0.58813402
dataset/dataset/chute08/cam6.avi#f321-351,dataset/dataset/chute08/cam6.avi,321,351,6,0,共同正确,0.14764638,0.28905069,0.25508788
dataset/dataset/chute08/cam6.avi#f352-382,dataset/dataset/chute08/cam6.avi,352,382,6,1,共同正确,0.89702579,0.97700658,0.84857810
dataset/dataset/chute08/cam7.avi#f321-351,dataset/dataset/chute08/cam7.avi,321,351,7,0,共同正确,0.07047407,0.10193144,0.18490813
dataset/dataset/chute08/cam7.avi#f352-382,dataset/dataset/chute08/cam7.avi,352,382,7,1,共同漏报,0.08593460,0.37967613,0.26579184
dataset/dataset/chute08/cam8.avi#f296-326,dataset/dataset/chute08/cam8.avi,296,326,8,0,共同正确,0.13685965,0.11273905,0.22914048
dataset/dataset/chute08/cam8.avi#f327-357,dataset/dataset/chute08/cam8.avi,327,357,8,1,共同漏报,0.09620172,0.37549258,0.33734176
dataset/dataset/chute09/cam2.avi#f603-633,dataset/dataset/chute09/cam2.avi,603,633,2,0,路线分歧,0.76279740,0.24244634,0.26754328
dataset/dataset/chute09/cam2.avi#f634-664,dataset/dataset/chute09/cam2.avi,634,664,2,1,路线分歧,0.08705970,0.57930524,0.43712879
dataset/dataset/chute09/cam2.avi#f665-695,dataset/dataset/chute09/cam2.avi,665,695,2,0,共同误报,0.99257116,0.96339013,0.84685825
dataset/dataset/chute09/cam4.avi#f612-642,dataset/dataset/chute09/cam4.avi,612,642,4,0,路线分歧,0.99999362,0.82613163,0.44292988
dataset/dataset/chute09/cam4.avi#f643-673,dataset/dataset/chute09/cam4.avi,643,673,4,1,路线分歧,0.99320003,0.67314927,0.34546889
dataset/dataset/chute09/cam4.avi#f674-704,dataset/dataset/chute09/cam4.avi,674,704,4,0,共同误报,0.93381292,0.92918591,0.56084406
dataset/dataset/chute09/cam5.avi#f606-636,dataset/dataset/chute09/cam5.avi,606,636,5,0,共同正确,0.09260216,0.27031058,0.35801622
dataset/dataset/chute09/cam5.avi#f637-667,dataset/dataset/chute09/cam5.avi,637,667,5,1,共同正确,0.59702899,0.83503196,0.53980357
dataset/dataset/chute09/cam5.avi#f668-698,dataset/dataset/chute09/cam5.avi,668,698,5,0,共同误报,0.98583283,0.97502635,0.88476048
dataset/dataset/chute09/cam6.avi#f606-636,dataset/dataset/chute09/cam6.avi,606,636,6,0,共同误报,0.94421881,0.85514456,0.79803196
dataset/dataset/chute09/cam6.avi#f637-667,dataset/dataset/chute09/cam6.avi,637,667,6,1,共同正确,0.98001447,0.98104076,0.84553362
dataset/dataset/chute09/cam6.avi#f668-698,dataset/dataset/chute09/cam6.avi,668,698,6,0,共同误报,0.73854543,0.99571991,0.91538110
dataset/dataset/chute09/cam7.avi#f606-636,dataset/dataset/chute09/cam7.avi,606,636,7,0,路线分歧,0.75138853,0.47919697,0.58412538
dataset/dataset/chute09/cam7.avi#f637-667,dataset/dataset/chute09/cam7.avi,637,667,7,1,共同正确,0.94975984,0.96629536,0.83005422
dataset/dataset/chute09/cam7.avi#f668-698,dataset/dataset/chute09/cam7.avi,668,698,7,0,共同误报,0.94595040,0.99538073,0.91139327
dataset/dataset/chute09/cam8.avi#f594-624,dataset/dataset/chute09/cam8.avi,594,624,8,0,共同正确,0.11403639,0.10446458,0.24139097
dataset/dataset/chute09/cam8.avi#f625-655,dataset/dataset/chute09/cam8.avi,625,655,8,1,共同正确,0.77612430,0.69816736,0.50017363
dataset/dataset/chute09/cam8.avi#f656-686,dataset/dataset/chute09/cam8.avi,656,686,8,0,共同误报,0.99468382,0.99571991,0.91538110
dataset/dataset/chute10/cam2.avi#f499-529,dataset/dataset/chute10/cam2.avi,499,529,2,0,路线分歧,0.28170433,0.72202279,0.58552808
dataset/dataset/chute10/cam2.avi#f520-550,dataset/dataset/chute10/cam2.avi,520,550,2,1,共同正确,0.70751826,0.83695838,0.68595086
dataset/dataset/chute10/cam2.avi#f551-581,dataset/dataset/chute10/cam2.avi,551,581,2,0,路线分歧,0.24535315,0.60216398,0.46483077
dataset/dataset/chute10/cam4.avi#f518-548,dataset/dataset/chute10/cam4.avi,518,548,4,0,路线分歧,0.53573823,0.70539539,0.39224854
dataset/dataset/chute10/cam4.avi#f539-569,dataset/dataset/chute10/cam4.avi,539,569,4,1,共同正确,0.99956608,0.86673321,0.55408726
dataset/dataset/chute10/cam4.avi#f570-600,dataset/dataset/chute10/cam4.avi,570,600,4,0,共同误报,0.95769814,0.84837601,0.55496669
dataset/dataset/chute10/cam5.avi#f497-527,dataset/dataset/chute10/cam5.avi,497,527,5,0,路线分歧,0.11455899,0.63365335,0.68817254
dataset/dataset/chute10/cam5.avi#f518-548,dataset/dataset/chute10/cam5.avi,518,548,5,1,共同正确,0.79661468,0.87972131,0.69399681
dataset/dataset/chute10/cam5.avi#f549-579,dataset/dataset/chute10/cam5.avi,549,579,5,0,路线分歧,0.12129838,0.53504182,0.55515098
dataset/dataset/chute10/cam6.avi#f502-532,dataset/dataset/chute10/cam6.avi,502,532,6,0,路线分歧,0.14056347,0.68055302,0.40867991
dataset/dataset/chute10/cam6.avi#f523-553,dataset/dataset/chute10/cam6.avi,523,553,6,1,共同正确,0.99393313,0.99425113,0.88715585
dataset/dataset/chute10/cam6.avi#f554-584,dataset/dataset/chute10/cam6.avi,554,584,6,0,共同误报,0.91039780,0.99571991,0.91538110
dataset/dataset/chute10/cam7.avi#f504-534,dataset/dataset/chute10/cam7.avi,504,534,7,0,共同正确,0.10929313,0.35337476,0.28530433
dataset/dataset/chute10/cam7.avi#f525-555,dataset/dataset/chute10/cam7.avi,525,555,7,1,路线分歧,0.15839955,0.87629907,0.65922080
dataset/dataset/chute10/cam7.avi#f556-586,dataset/dataset/chute10/cam7.avi,556,586,7,0,共同正确,0.18731459,0.48181017,0.25875736
dataset/dataset/chute10/cam8.avi#f485-515,dataset/dataset/chute10/cam8.avi,485,515,8,0,路线分歧,0.11957752,0.55964177,0.70277393
dataset/dataset/chute10/cam8.avi#f506-536,dataset/dataset/chute10/cam8.avi,506,536,8,1,共同漏报,0.15851593,0.20831396,0.22926678
dataset/dataset/chute10/cam8.avi#f537-567,dataset/dataset/chute10/cam8.avi,537,567,8,0,共同正确,0.16610458,0.27147490,0.23736449
dataset/dataset/chute11/cam2.avi#f435-465,dataset/dataset/chute11/cam2.avi,435,465,2,0,共同正确,0.17132684,0.14866123,0.23825612
dataset/dataset/chute11/cam2.avi#f466-496,dataset/dataset/chute11/cam2.avi,466,496,2,1,共同漏报,0.45782981,0.20921392,0.22564509
dataset/dataset/chute11/cam2.avi#f497-527,dataset/dataset/chute11/cam2.avi,497,527,2,0,路线分歧,0.98897487,0.60417461,0.44108059
dataset/dataset/chute11/cam4.avi#f445-475,dataset/dataset/chute11/cam4.avi,445,475,4,0,路线分歧,0.22841994,0.93201301,0.83052169
dataset/dataset/chute11/cam4.avi#f476-506,dataset/dataset/chute11/cam4.avi,476,506,4,1,路线分歧,0.98294377,0.42007734,0.48252214
dataset/dataset/chute11/cam4.avi#f507-537,dataset/dataset/chute11/cam4.avi,507,537,4,0,共同误报,0.99528183,0.90118510,0.61518927
dataset/dataset/chute11/cam5.avi#f431-461,dataset/dataset/chute11/cam5.avi,431,461,5,0,路线分歧,0.18723476,0.48441150,0.64259976
dataset/dataset/chute11/cam5.avi#f462-492,dataset/dataset/chute11/cam5.avi,462,492,5,1,共同正确,0.86311926,0.54351773,0.65369700
dataset/dataset/chute11/cam5.avi#f493-523,dataset/dataset/chute11/cam5.avi,493,523,5,0,路线分歧,0.48908633,0.79939568,0.78589250
dataset/dataset/chute11/cam6.avi#f437-467,dataset/dataset/chute11/cam6.avi,437,467,6,0,共同正确,0.07254960,0.24797170,0.26847990
dataset/dataset/chute11/cam6.avi#f468-498,dataset/dataset/chute11/cam6.avi,468,498,6,1,共同正确,0.99956673,0.91776280,0.80409776
dataset/dataset/chute11/cam6.avi#f499-529,dataset/dataset/chute11/cam6.avi,499,529,6,0,共同误报,0.89756596,0.99571991,0.91538110
dataset/dataset/chute11/cam7.avi#f437-467,dataset/dataset/chute11/cam7.avi,437,467,7,0,共同正确,0.08302558,0.19943136,0.34398354
dataset/dataset/chute11/cam7.avi#f468-498,dataset/dataset/chute11/cam7.avi,468,498,7,1,共同正确,0.88302833,0.95209894,0.90119483
dataset/dataset/chute11/cam7.avi#f499-529,dataset/dataset/chute11/cam7.avi,499,529,7,0,共同误报,0.96457717,0.74659381,0.69740155
dataset/dataset/chute11/cam8.avi#f443-473,dataset/dataset/chute11/cam8.avi,443,473,8,0,共同正确,0.16037214,0.12271231,0.24799465
dataset/dataset/chute11/cam8.avi#f474-504,dataset/dataset/chute11/cam8.avi,474,504,8,1,共同正确,0.87447605,0.96330386,0.84770383
dataset/dataset/chute11/cam8.avi#f505-535,dataset/dataset/chute11/cam8.avi,505,535,8,0,路线分歧,0.89531824,0.45318688,0.45709785
dataset/dataset/chute12/cam2.avi#f575-605,dataset/dataset/chute12/cam2.avi,575,605,2,0,共同正确,0.11674740,0.27765000,0.35102309
dataset/dataset/chute12/cam2.avi#f606-636,dataset/dataset/chute12/cam2.avi,606,636,2,1,共同漏报,0.18058034,0.14068407,0.22194978
dataset/dataset/chute12/cam2.avi#f634-664,dataset/dataset/chute12/cam2.avi,634,664,2,1,共同正确,0.90477727,0.95920886,0.72706500
dataset/dataset/chute12/cam4.avi#f577-607,dataset/dataset/chute12/cam4.avi,577,607,4,0,路线分歧,0.11740616,0.39511049,0.60845100
dataset/dataset/chute12/cam4.avi#f608-638,dataset/dataset/chute12/cam4.avi,608,638,4,1,路线分歧,0.12931028,0.36085598,0.51484233
dataset/dataset/chute12/cam4.avi#f636-666,dataset/dataset/chute12/cam4.avi,636,666,4,1,共同正确,0.98848422,0.66636556,0.52035393
dataset/dataset/chute12/cam5.avi#f569-599,dataset/dataset/chute12/cam5.avi,569,599,5,0,路线分歧,0.16114613,0.73281258,0.69100036
dataset/dataset/chute12/cam5.avi#f600-630,dataset/dataset/chute12/cam5.avi,600,630,5,1,路线分歧,0.14745148,0.57096717,0.67012513
dataset/dataset/chute12/cam5.avi#f628-658,dataset/dataset/chute12/cam5.avi,628,658,5,1,共同正确,0.94344351,0.98673005,0.84066177
dataset/dataset/chute12/cam6.avi#f572-602,dataset/dataset/chute12/cam6.avi,572,602,6,0,共同正确,0.10447296,0.25150870,0.26800009
dataset/dataset/chute12/cam6.avi#f603-633,dataset/dataset/chute12/cam6.avi,603,633,6,1,共同漏报,0.11926825,0.39561347,0.35745929
dataset/dataset/chute12/cam6.avi#f631-661,dataset/dataset/chute12/cam6.avi,631,661,6,1,共同正确,0.71409635,0.92658591,0.74686360
dataset/dataset/chute12/cam7.avi#f576-606,dataset/dataset/chute12/cam7.avi,576,606,7,0,共同正确,0.21579156,0.11200852,0.22373875
dataset/dataset/chute12/cam7.avi#f607-637,dataset/dataset/chute12/cam7.avi,607,637,7,1,共同漏报,0.09780495,0.11545515,0.22093995
dataset/dataset/chute12/cam7.avi#f635-665,dataset/dataset/chute12/cam7.avi,635,665,7,1,路线分歧,0.76158144,0.48328996,0.26488103
dataset/dataset/chute12/cam8.avi#f569-599,dataset/dataset/chute12/cam8.avi,569,599,8,0,共同正确,0.19860556,0.13867123,0.21824569
dataset/dataset/chute12/cam8.avi#f600-630,dataset/dataset/chute12/cam8.avi,600,630,8,1,共同漏报,0.15638007,0.10221870,0.20311249
dataset/dataset/chute12/cam8.avi#f628-658,dataset/dataset/chute12/cam8.avi,628,658,8,1,路线分歧,0.41711943,0.77311626,0.67870619
dataset/dataset/chute13/cam2.avi#f720-750,dataset/dataset/chute13/cam2.avi,720,750,2,0,共同正确,0.09158668,0.29150582,0.22892928
dataset/dataset/chute13/cam2.avi#f861-891,dataset/dataset/chute13/cam2.avi,861,891,2,1,共同漏报,0.15182913,0.22804154,0.34360926
dataset/dataset/chute13/cam4.avi#f694-724,dataset/dataset/chute13/cam4.avi,694,724,4,0,共同误报,0.99680491,0.94827183,0.65977460
dataset/dataset/chute13/cam4.avi#f835-865,dataset/dataset/chute13/cam4.avi,835,865,4,1,路线分歧,0.98615977,0.48227770,0.50980035
dataset/dataset/chute13/cam5.avi#f714-744,dataset/dataset/chute13/cam5.avi,714,744,5,0,路线分歧,0.97870998,0.41197184,0.78428452
dataset/dataset/chute13/cam5.avi#f855-885,dataset/dataset/chute13/cam5.avi,855,885,5,1,路线分歧,0.57116534,0.30022445,0.36381995
dataset/dataset/chute13/cam6.avi#f714-744,dataset/dataset/chute13/cam6.avi,714,744,6,0,共同误报,0.80449671,0.99571991,0.91538110
dataset/dataset/chute13/cam6.avi#f855-885,dataset/dataset/chute13/cam6.avi,855,885,6,1,共同正确,0.92807989,0.87847844,0.60764016
dataset/dataset/chute13/cam7.avi#f723-753,dataset/dataset/chute13/cam7.avi,723,753,7,0,共同误报,0.97503053,0.86398970,0.88201565
dataset/dataset/chute13/cam7.avi#f864-894,dataset/dataset/chute13/cam7.avi,864,894,7,1,共同正确,0.58888302,0.71138504,0.67103511
dataset/dataset/chute13/cam8.avi#f700-730,dataset/dataset/chute13/cam8.avi,700,730,8,0,路线分歧,0.78422894,0.27109152,0.31604571
dataset/dataset/chute13/cam8.avi#f841-871,dataset/dataset/chute13/cam8.avi,841,871,8,1,共同漏报,0.23567135,0.20518219,0.22405067
dataset/dataset/chute14/cam2.avi#f1027-1057,dataset/dataset/chute14/cam2.avi,1027,1057,2,1,共同正确,0.98876540,0.73492110,0.64807352
dataset/dataset/chute14/cam2.avi#f1058-1088,dataset/dataset/chute14/cam2.avi,1058,1088,2,0,共同正确,0.09969436,0.44065428,0.42080668
dataset/dataset/chute14/cam4.avi#f991-1021,dataset/dataset/chute14/cam4.avi,991,1021,4,1,共同正确,0.97840118,0.90791248,0.96161467
dataset/dataset/chute14/cam4.avi#f1022-1052,dataset/dataset/chute14/cam4.avi,1022,1052,4,0,路线分歧,0.87239821,0.84471704,0.39871425
dataset/dataset/chute14/cam5.avi#f1019-1049,dataset/dataset/chute14/cam5.avi,1019,1049,5,1,路线分歧,0.11652826,0.99255791,0.84280372
dataset/dataset/chute14/cam5.avi#f1050-1080,dataset/dataset/chute14/cam5.avi,1050,1080,5,0,路线分歧,0.18658533,0.71830639,0.70230417
dataset/dataset/chute14/cam6.avi#f1019-1049,dataset/dataset/chute14/cam6.avi,1019,1049,6,1,共同正确,0.70000865,0.77689646,0.60418133
dataset/dataset/chute14/cam6.avi#f1050-1080,dataset/dataset/chute14/cam6.avi,1050,1080,6,0,共同误报,0.98915501,0.99571991,0.91538110
dataset/dataset/chute14/cam7.avi#f998-1028,dataset/dataset/chute14/cam7.avi,998,1028,7,1,共同漏报,0.45287171,0.37166382,0.32438256
dataset/dataset/chute14/cam7.avi#f1029-1059,dataset/dataset/chute14/cam7.avi,1029,1059,7,0,共同误报,0.98945175,0.99003918,0.89523853
dataset/dataset/chute14/cam8.avi#f1005-1035,dataset/dataset/chute14/cam8.avi,1005,1035,8,1,共同漏报,0.13393254,0.14142270,0.21707819
dataset/dataset/chute14/cam8.avi#f1036-1066,dataset/dataset/chute14/cam8.avi,1036,1066,8,0,共同误报,0.93984114,0.94858809,0.67742732
dataset/dataset/chute15/cam2.avi#f743-773,dataset/dataset/chute15/cam2.avi,743,773,2,0,共同正确,0.10451727,0.15686494,0.21558045
dataset/dataset/chute15/cam2.avi#f774-804,dataset/dataset/chute15/cam2.avi,774,804,2,1,共同正确,0.98670164,0.94128104,0.86755404
dataset/dataset/chute15/cam4.avi#f739-769,dataset/dataset/chute15/cam4.avi,739,769,4,0,路线分歧,0.13800510,0.34060103,0.73361600
dataset/dataset/chute15/cam4.avi#f770-800,dataset/dataset/chute15/cam4.avi,770,800,4,1,共同正确,0.78374365,0.89105737,0.75387054
dataset/dataset/chute15/cam5.avi#f758-788,dataset/dataset/chute15/cam5.avi,758,788,5,0,路线分歧,0.23839482,0.79227441,0.77582087
dataset/dataset/chute15/cam5.avi#f789-819,dataset/dataset/chute15/cam5.avi,789,819,5,1,共同正确,0.99713026,0.83508889,0.85183689
dataset/dataset/chute15/cam6.avi#f764-794,dataset/dataset/chute15/cam6.avi,764,794,6,0,共同正确,0.20235573,0.24006504,0.24933339
dataset/dataset/chute15/cam6.avi#f795-825,dataset/dataset/chute15/cam6.avi,795,825,6,1,共同正确,0.78873010,0.88983987,0.75963271
dataset/dataset/chute15/cam7.avi#f747-777,dataset/dataset/chute15/cam7.avi,747,777,7,0,共同正确,0.17291849,0.20240242,0.23286708
dataset/dataset/chute15/cam7.avi#f778-808,dataset/dataset/chute15/cam7.avi,778,808,7,1,共同漏报,0.24517976,0.30255039,0.27914612
dataset/dataset/chute15/cam8.avi#f724-754,dataset/dataset/chute15/cam8.avi,724,754,8,0,共同正确,0.10358653,0.23715097,0.25491906
dataset/dataset/chute15/cam8.avi#f755-785,dataset/dataset/chute15/cam8.avi,755,785,8,1,路线分歧,0.20382372,0.73083220,0.56672882
dataset/dataset/chute16/cam2.avi#f409-439,dataset/dataset/chute16/cam2.avi,409,439,2,0,路线分歧,0.83176824,0.54252268,0.47851228
dataset/dataset/chute16/cam2.avi#f847-877,dataset/dataset/chute16/cam2.avi,847,877,2,0,路线分歧,0.99982905,0.32968814,0.23325314
dataset/dataset/chute16/cam2.avi#f925-955,dataset/dataset/chute16/cam2.avi,925,955,2,1,路线分歧,0.19960541,0.42374155,0.55021185
dataset/dataset/chute16/cam4.avi#f382-412,dataset/dataset/chute16/cam4.avi,382,412,4,0,共同正确,0.08947855,0.15062707,0.23298142
dataset/dataset/chute16/cam4.avi#f820-850,dataset/dataset/chute16/cam4.avi,820,850,4,0,共同误报,0.99989165,0.76874286,0.74577288
dataset/dataset/chute16/cam4.avi#f898-928,dataset/dataset/chute16/cam4.avi,898,928,4,1,共同正确,0.90541680,0.74719970,0.79470305
dataset/dataset/chute16/cam5.avi#f392-422,dataset/dataset/chute16/cam5.avi,392,422,5,0,路线分歧,0.99999809,0.41158823,0.61791838
dataset/dataset/chute16/cam5.avi#f830-860,dataset/dataset/chute16/cam5.avi,830,860,5,0,路线分歧,0.27121935,0.45405968,0.63825607
dataset/dataset/chute16/cam5.avi#f908-938,dataset/dataset/chute16/cam5.avi,908,938,5,1,路线分歧,0.12196579,0.46878525,0.61776294
dataset/dataset/chute16/cam6.avi#f389-419,dataset/dataset/chute16/cam6.avi,389,419,6,0,共同正确,0.06481918,0.10614034,0.17557364
dataset/dataset/chute16/cam6.avi#f827-857,dataset/dataset/chute16/cam6.avi,827,857,6,0,路线分歧,0.12173519,0.76365423,0.50369358
dataset/dataset/chute16/cam6.avi#f905-935,dataset/dataset/chute16/cam6.avi,905,935,6,1,共同正确,0.94446929,0.98085971,0.84649031
dataset/dataset/chute16/cam7.avi#f383-413,dataset/dataset/chute16/cam7.avi,383,413,7,0,共同正确,0.08260043,0.08396440,0.18349256
dataset/dataset/chute16/cam7.avi#f821-851,dataset/dataset/chute16/cam7.avi,821,851,7,0,共同正确,0.11386532,0.22744195,0.22395430
dataset/dataset/chute16/cam7.avi#f899-929,dataset/dataset/chute16/cam7.avi,899,929,7,1,路线分歧,0.74861567,0.60507509,0.38623853
dataset/dataset/chute16/cam8.avi#f383-413,dataset/dataset/chute16/cam8.avi,383,413,8,0,路线分歧,0.14814677,0.75658134,0.73218160
dataset/dataset/chute16/cam8.avi#f821-851,dataset/dataset/chute16/cam8.avi,821,851,8,0,共同正确,0.15248439,0.37136453,0.34812856
dataset/dataset/chute16/cam8.avi#f899-929,dataset/dataset/chute16/cam8.avi,899,929,8,1,共同漏报,0.12914267,0.33402818,0.33690247
dataset/dataset/chute17/cam2.avi#f367-397,dataset/dataset/chute17/cam2.avi,367,397,2,0,共同正确,0.10311690,0.25840670,0.34695671
dataset/dataset/chute17/cam2.avi#f761-791,dataset/dataset/chute17/cam2.avi,761,791,2,1,路线分歧,0.45716195,0.58422719,0.48852562
dataset/dataset/chute17/cam4.avi#f341-371,dataset/dataset/chute17/cam4.avi,341,371,4,0,共同误报,0.87053381,0.55895071,0.64812090
dataset/dataset/chute17/cam4.avi#f735-765,dataset/dataset/chute17/cam4.avi,735,765,4,1,路线分歧,0.97582380,0.30742610,0.72822568
dataset/dataset/chute17/cam5.avi#f351-381,dataset/dataset/chute17/cam5.avi,351,381,5,0,路线分歧,0.99979068,0.39670582,0.57378999
dataset/dataset/chute17/cam5.avi#f745-775,dataset/dataset/chute17/cam5.avi,745,775,5,1,路线分歧,0.99714078,0.42612223,0.62692295
dataset/dataset/chute17/cam6.avi#f341-371,dataset/dataset/chute17/cam6.avi,341,371,6,0,共同误报,0.75524227,0.87794916,0.82724935
dataset/dataset/chute17/cam6.avi#f735-765,dataset/dataset/chute17/cam6.avi,735,765,6,1,共同正确,0.95260528,0.99194923,0.88575874
dataset/dataset/chute17/cam7.avi#f370-400,dataset/dataset/chute17/cam7.avi,370,400,7,0,路线分歧,0.99609701,0.44676748,0.34550956
dataset/dataset/chute17/cam7.avi#f764-794,dataset/dataset/chute17/cam7.avi,764,794,7,1,路线分歧,0.46483339,0.68075277,0.37214470
dataset/dataset/chute17/cam8.avi#f359-389,dataset/dataset/chute17/cam8.avi,359,389,8,0,共同误报,0.75242025,0.94944374,0.83712563
dataset/dataset/chute17/cam8.avi#f753-783,dataset/dataset/chute17/cam8.avi,753,783,8,1,共同漏报,0.11244992,0.31999447,0.34762472
dataset/dataset/chute18/cam2.avi#f635-665,dataset/dataset/chute18/cam2.avi,635,665,2,0,共同误报,0.93241251,0.99571991,0.91538110
dataset/dataset/chute18/cam2.avi#f676-706,dataset/dataset/chute18/cam2.avi,676,706,2,1,共同正确,0.99629575,0.98844519,0.95853095
dataset/dataset/chute18/cam4.avi#f530-560,dataset/dataset/chute18/cam4.avi,530,560,4,0,路线分歧,0.56868983,0.49922531,0.61720318
dataset/dataset/chute18/cam4.avi#f571-601,dataset/dataset/chute18/cam4.avi,571,601,4,1,路线分歧,0.99993594,0.80309752,0.44811883
dataset/dataset/chute18/cam5.avi#f615-645,dataset/dataset/chute18/cam5.avi,615,645,5,0,共同正确,0.12237653,0.30694810,0.46215474
dataset/dataset/chute18/cam5.avi#f656-686,dataset/dataset/chute18/cam5.avi,656,686,5,1,共同漏报,0.11644362,0.46409088,0.48518350
dataset/dataset/chute18/cam6.avi#f638-668,dataset/dataset/chute18/cam6.avi,638,668,6,0,共同误报,0.76701929,0.91502039,0.75069205
dataset/dataset/chute18/cam6.avi#f679-709,dataset/dataset/chute18/cam6.avi,679,709,6,1,共同正确,0.98633103,0.98001924,0.89883836
dataset/dataset/chute18/cam7.avi#f638-668,dataset/dataset/chute18/cam7.avi,638,668,7,0,共同误报,1.00000000,0.75386056,0.65219970
dataset/dataset/chute18/cam7.avi#f679-709,dataset/dataset/chute18/cam7.avi,679,709,7,1,共同正确,0.99773817,0.95722398,0.79033449
dataset/dataset/chute18/cam8.avi#f607-637,dataset/dataset/chute18/cam8.avi,607,637,8,0,共同正确,0.15226530,0.21322426,0.26748838
dataset/dataset/chute18/cam8.avi#f648-678,dataset/dataset/chute18/cam8.avi,648,678,8,1,路线分歧,0.51573138,0.54664258,0.37088634
dataset/dataset/chute19/cam2.avi#f447-477,dataset/dataset/chute19/cam2.avi,447,477,2,0,共同正确,0.13507113,0.18523562,0.26283313
dataset/dataset/chute19/cam2.avi#f495-525,dataset/dataset/chute19/cam2.avi,495,525,2,0,路线分歧,0.98752901,0.16605649,0.27800989
dataset/dataset/chute19/cam2.avi#f527-557,dataset/dataset/chute19/cam2.avi,527,557,2,1,共同漏报,0.21113667,0.14971890,0.20579163
dataset/dataset/chute19/cam2.avi#f557-587,dataset/dataset/chute19/cam2.avi,557,587,2,1,共同漏报,0.12940849,0.27174742,0.26383641
dataset/dataset/chute19/cam2.avi#f587-617,dataset/dataset/chute19/cam2.avi,587,617,2,1,共同漏报,0.21780164,0.35705078,0.28301014
dataset/dataset/chute19/cam4.avi#f439-469,dataset/dataset/chute19/cam4.avi,439,469,4,0,路线分歧,0.10056088,0.52989155,0.61053790
dataset/dataset/chute19/cam4.avi#f487-517,dataset/dataset/chute19/cam4.avi,487,517,4,0,路线分歧,0.22754075,0.51494896,0.53307050
dataset/dataset/chute19/cam4.avi#f519-549,dataset/dataset/chute19/cam4.avi,519,549,4,1,路线分歧,0.76887571,0.49554965,0.58822876
dataset/dataset/chute19/cam4.avi#f549-579,dataset/dataset/chute19/cam4.avi,549,579,4,1,共同正确,0.99814314,0.69965211,0.74391505
dataset/dataset/chute19/cam4.avi#f579-609,dataset/dataset/chute19/cam4.avi,579,609,4,1,共同正确,0.99497466,0.95615233,0.73805128
dataset/dataset/chute19/cam5.avi#f425-455,dataset/dataset/chute19/cam5.avi,425,455,5,0,路线分歧,0.12287876,0.78428923,0.74829232
dataset/dataset/chute19/cam5.avi#f473-503,dataset/dataset/chute19/cam5.avi,473,503,5,0,路线分歧,0.13950700,0.91502558,0.69508144
dataset/dataset/chute19/cam5.avi#f505-535,dataset/dataset/chute19/cam5.avi,505,535,5,1,共同漏报,0.14830395,0.36553496,0.42889609
dataset/dataset/chute19/cam5.avi#f535-565,dataset/dataset/chute19/cam5.avi,535,565,5,1,共同正确,0.99037318,0.77112630,0.71675485
dataset/dataset/chute19/cam5.avi#f565-595,dataset/dataset/chute19/cam5.avi,565,595,5,1,共同正确,0.99433018,0.96738321,0.71771882
dataset/dataset/chute19/cam6.avi#f449-479,dataset/dataset/chute19/cam6.avi,449,479,6,0,共同正确,0.41646532,0.27371686,0.30159492
dataset/dataset/chute19/cam6.avi#f497-527,dataset/dataset/chute19/cam6.avi,497,527,6,0,共同正确,0.22456130,0.17333900,0.21751484
dataset/dataset/chute19/cam6.avi#f529-559,dataset/dataset/chute19/cam6.avi,529,559,6,1,路线分歧,0.47703411,0.57313310,0.37275437
dataset/dataset/chute19/cam6.avi#f559-589,dataset/dataset/chute19/cam6.avi,559,589,6,1,共同正确,0.95330495,0.99522239,0.90226907
dataset/dataset/chute19/cam6.avi#f589-619,dataset/dataset/chute19/cam6.avi,589,619,6,1,共同正确,0.93681364,0.99571991,0.91538110
dataset/dataset/chute19/cam7.avi#f420-450,dataset/dataset/chute19/cam7.avi,420,450,7,0,共同正确,0.09009869,0.09728507,0.23331563
dataset/dataset/chute19/cam7.avi#f468-498,dataset/dataset/chute19/cam7.avi,468,498,7,0,共同正确,0.21611059,0.20038639,0.22052857
dataset/dataset/chute19/cam7.avi#f500-530,dataset/dataset/chute19/cam7.avi,500,530,7,1,路线分歧,0.40870531,0.56085128,0.58445369
dataset/dataset/chute19/cam7.avi#f530-560,dataset/dataset/chute19/cam7.avi,530,560,7,1,共同正确,0.99727872,0.94582748,0.80980209
dataset/dataset/chute19/cam7.avi#f560-590,dataset/dataset/chute19/cam7.avi,560,590,7,1,共同正确,0.99789852,0.98075470,0.84932160
dataset/dataset/chute19/cam8.avi#f440-470,dataset/dataset/chute19/cam8.avi,440,470,8,0,共同正确,0.08916873,0.19550588,0.22925589
dataset/dataset/chute19/cam8.avi#f488-518,dataset/dataset/chute19/cam8.avi,488,518,8,0,共同正确,0.18703535,0.25009216,0.26877850
dataset/dataset/chute19/cam8.avi#f520-550,dataset/dataset/chute19/cam8.avi,520,550,8,1,共同漏报,0.35458480,0.46755693,0.31942460
dataset/dataset/chute19/cam8.avi#f550-580,dataset/dataset/chute19/cam8.avi,550,580,8,1,共同正确,0.79479379,0.99558207,0.90473799
dataset/dataset/chute19/cam8.avi#f580-610,dataset/dataset/chute19/cam8.avi,580,610,8,1,共同正确,0.64157335,0.98826319,0.90805693
dataset/dataset/chute20/cam2.avi#f359-389,dataset/dataset/chute20/cam2.avi,359,389,2,0,共同正确,0.16295191,0.33800977,0.30721487
dataset/dataset/chute20/cam2.avi#f409-439,dataset/dataset/chute20/cam2.avi,409,439,2,0,共同正确,0.18426430,0.42014483,0.33058367
dataset/dataset/chute20/cam2.avi#f554-584,dataset/dataset/chute20/cam2.avi,554,584,2,1,共同漏报,0.08634515,0.19295963,0.23088727
dataset/dataset/chute20/cam2.avi#f584-614,dataset/dataset/chute20/cam2.avi,584,614,2,1,共同漏报,0.13312607,0.41010710,0.31451267
dataset/dataset/chute20/cam2.avi#f614-644,dataset/dataset/chute20/cam2.avi,614,644,2,1,共同漏报,0.14568383,0.49735781,0.37939204
dataset/dataset/chute20/cam2.avi#f644-674,dataset/dataset/chute20/cam2.avi,644,674,2,1,路线分歧,0.40547317,0.86035550,0.56696317
dataset/dataset/chute20/cam4.avi#f360-390,dataset/dataset/chute20/cam4.avi,360,390,4,0,路线分歧,0.08902949,0.50623974,0.73472767
dataset/dataset/chute20/cam4.avi#f410-440,dataset/dataset/chute20/cam4.avi,410,440,4,0,路线分歧,0.11903713,0.55346572,0.32691444
dataset/dataset/chute20/cam4.avi#f555-585,dataset/dataset/chute20/cam4.avi,555,585,4,1,路线分歧,0.18505910,0.92302401,0.75004548
dataset/dataset/chute20/cam4.avi#f585-615,dataset/dataset/chute20/cam4.avi,585,615,4,1,路线分歧,0.87766907,0.37179606,0.58380499
dataset/dataset/chute20/cam4.avi#f615-645,dataset/dataset/chute20/cam4.avi,615,645,4,1,共同正确,0.98173176,0.93970641,0.93434663
dataset/dataset/chute20/cam4.avi#f645-675,dataset/dataset/chute20/cam4.avi,645,675,4,1,共同正确,0.99999970,0.82898487,0.52337243
dataset/dataset/chute20/cam5.avi#f360-390,dataset/dataset/chute20/cam5.avi,360,390,5,0,路线分歧,0.15022202,0.63474872,0.65308140
dataset/dataset/chute20/cam5.avi#f410-440,dataset/dataset/chute20/cam5.avi,410,440,5,0,路线分歧,0.14354911,0.49612993,0.67401196
dataset/dataset/chute20/cam5.avi#f555-585,dataset/dataset/chute20/cam5.avi,555,585,5,1,路线分歧,0.16773031,0.53364633,0.59148077
dataset/dataset/chute20/cam5.avi#f585-615,dataset/dataset/chute20/cam5.avi,585,615,5,1,路线分歧,0.14731533,0.96477720,0.89620401
dataset/dataset/chute20/cam5.avi#f615-645,dataset/dataset/chute20/cam5.avi,615,645,5,1,路线分歧,0.13813719,0.86654776,0.61705783
dataset/dataset/chute20/cam5.avi#f645-675,dataset/dataset/chute20/cam5.avi,645,675,5,1,共同正确,0.88794760,0.75279087,0.71734315
dataset/dataset/chute20/cam6.avi#f354-384,dataset/dataset/chute20/cam6.avi,354,384,6,0,共同正确,0.09780925,0.11441790,0.21157580
dataset/dataset/chute20/cam6.avi#f404-434,dataset/dataset/chute20/cam6.avi,404,434,6,0,共同正确,0.11326102,0.19252374,0.22498600
dataset/dataset/chute20/cam6.avi#f549-579,dataset/dataset/chute20/cam6.avi,549,579,6,1,共同漏报,0.40254918,0.36048358,0.35277855
dataset/dataset/chute20/cam6.avi#f579-609,dataset/dataset/chute20/cam6.avi,579,609,6,1,共同正确,0.78349197,0.94875346,0.83079579
dataset/dataset/chute20/cam6.avi#f609-639,dataset/dataset/chute20/cam6.avi,609,639,6,1,共同正确,0.94439818,0.99571991,0.91538110
dataset/dataset/chute20/cam6.avi#f639-669,dataset/dataset/chute20/cam6.avi,639,669,6,1,共同正确,0.99008855,0.99455662,0.90712313
dataset/dataset/chute20/cam7.avi#f354-384,dataset/dataset/chute20/cam7.avi,354,384,7,0,共同正确,0.31799185,0.18216029,0.43519497
dataset/dataset/chute20/cam7.avi#f404-434,dataset/dataset/chute20/cam7.avi,404,434,7,0,共同正确,0.10187624,0.11043659,0.24550741
dataset/dataset/chute20/cam7.avi#f549-579,dataset/dataset/chute20/cam7.avi,549,579,7,1,共同漏报,0.27673976,0.38205392,0.47860359
dataset/dataset/chute20/cam7.avi#f579-609,dataset/dataset/chute20/cam7.avi,579,609,7,1,路线分歧,0.76502469,0.65318227,0.45483685
dataset/dataset/chute20/cam7.avi#f609-639,dataset/dataset/chute20/cam7.avi,609,639,7,1,路线分歧,0.98631212,0.66170686,0.44022594
dataset/dataset/chute20/cam7.avi#f639-669,dataset/dataset/chute20/cam7.avi,639,669,7,1,共同正确,0.96116742,0.99443874,0.90469319
dataset/dataset/chute20/cam8.avi#f350-380,dataset/dataset/chute20/cam8.avi,350,380,8,0,共同正确,0.14288515,0.11238453,0.17065150
dataset/dataset/chute20/cam8.avi#f400-430,dataset/dataset/chute20/cam8.avi,400,430,8,0,共同正确,0.14160982,0.19526902,0.30302786
dataset/dataset/chute20/cam8.avi#f545-575,dataset/dataset/chute20/cam8.avi,545,575,8,1,共同漏报,0.19340040,0.48800030,0.30518793
dataset/dataset/chute20/cam8.avi#f575-605,dataset/dataset/chute20/cam8.avi,575,605,8,1,路线分歧,0.15627860,0.69216730,0.33608905
dataset/dataset/chute20/cam8.avi#f605-635,dataset/dataset/chute20/cam8.avi,605,635,8,1,路线分歧,0.15547065,0.66483023,0.32865447
dataset/dataset/chute20/cam8.avi#f635-665,dataset/dataset/chute20/cam8.avi,635,665,8,1,共同正确,0.94877021,0.99534215,0.90437080
dataset/dataset/chute21/cam2.avi#f568-598,dataset/dataset/chute21/cam2.avi,568,598,2,0,路线分歧,0.14122912,0.58194088,0.52947994
dataset/dataset/chute21/cam2.avi#f898-928,dataset/dataset/chute21/cam2.avi,898,928,2,1,共同正确,0.74677743,0.63880395,0.50040768
dataset/dataset/chute21/cam4.avi#f538-568,dataset/dataset/chute21/cam4.avi,538,568,4,0,共同误报,0.99996114,0.52040508,0.57641004
dataset/dataset/chute21/cam4.avi#f868-898,dataset/dataset/chute21/cam4.avi,868,898,4,1,路线分歧,0.99999994,0.80869791,0.45264976
dataset/dataset/chute21/cam5.avi#f546-576,dataset/dataset/chute21/cam5.avi,546,576,5,0,路线分歧,0.25601074,0.96595806,0.76452083
dataset/dataset/chute21/cam5.avi#f876-906,dataset/dataset/chute21/cam5.avi,876,906,5,1,共同正确,0.99999455,0.97898769,0.88314767
dataset/dataset/chute21/cam6.avi#f570-600,dataset/dataset/chute21/cam6.avi,570,600,6,0,路线分歧,0.49250443,0.89452724,0.70024836
dataset/dataset/chute21/cam6.avi#f900-930,dataset/dataset/chute21/cam6.avi,900,930,6,1,共同正确,0.91663471,0.99070990,0.91257353
dataset/dataset/chute21/cam7.avi#f570-600,dataset/dataset/chute21/cam7.avi,570,600,7,0,共同正确,0.16151991,0.30437391,0.28381089
dataset/dataset/chute21/cam7.avi#f900-930,dataset/dataset/chute21/cam7.avi,900,930,7,1,共同正确,0.83126147,0.98566528,0.87188976
dataset/dataset/chute21/cam8.avi#f538-568,dataset/dataset/chute21/cam8.avi,538,568,8,0,路线分歧,0.14527501,0.53329624,0.39141291
dataset/dataset/chute21/cam8.avi#f868-898,dataset/dataset/chute21/cam8.avi,868,898,8,1,路线分歧,0.40154344,0.72853160,0.49123292
dataset/dataset/chute22/cam2.avi#f782-812,dataset/dataset/chute22/cam2.avi,782,812,2,0,共同正确,0.11724578,0.18877388,0.19906262
dataset/dataset/chute22/cam2.avi#f818-848,dataset/dataset/chute22/cam2.avi,818,848,2,1,路线分歧,0.82891425,0.49654388,0.28095156
dataset/dataset/chute22/cam4.avi#f777-807,dataset/dataset/chute22/cam4.avi,777,807,4,0,路线分歧,0.10712903,0.52757216,0.30783529
dataset/dataset/chute22/cam4.avi#f813-843,dataset/dataset/chute22/cam4.avi,813,843,4,1,路线分歧,0.76903467,0.33650134,0.54516982
dataset/dataset/chute22/cam5.avi#f789-819,dataset/dataset/chute22/cam5.avi,789,819,5,0,共同误报,0.99701065,0.92752942,0.83224244
dataset/dataset/chute22/cam5.avi#f825-855,dataset/dataset/chute22/cam5.avi,825,855,5,1,共同正确,0.99131975,0.90872219,0.82287909
dataset/dataset/chute22/cam6.avi#f782-812,dataset/dataset/chute22/cam6.avi,782,812,6,0,路线分歧,0.19808581,0.84008746,0.83326386
dataset/dataset/chute22/cam6.avi#f818-848,dataset/dataset/chute22/cam6.avi,818,848,6,1,路线分歧,0.37869392,0.85430792,0.76119974
dataset/dataset/chute22/cam7.avi#f782-812,dataset/dataset/chute22/cam7.avi,782,812,7,0,共同正确,0.10399427,0.19487359,0.19108724
dataset/dataset/chute22/cam7.avi#f818-848,dataset/dataset/chute22/cam7.avi,818,848,7,1,路线分歧,0.10995036,0.60318445,0.41988914
dataset/dataset/chute22/cam8.avi#f770-800,dataset/dataset/chute22/cam8.avi,770,800,8,0,共同误报,0.53573146,0.86361678,0.77780375
dataset/dataset/chute22/cam8.avi#f806-836,dataset/dataset/chute22/cam8.avi,806,836,8,1,共同正确,0.83785050,0.97027153,0.81555776
dataset/dataset/chute23/cam2.avi#f715-745,dataset/dataset/chute23/cam2.avi,715,745,2,0,共同正确,0.08623783,0.26574783,0.25665527
dataset/dataset/chute23/cam2.avi#f1572-1602,dataset/dataset/chute23/cam2.avi,1572,1602,2,1,共同正确,0.96743615,0.99377464,0.92749676
dataset/dataset/chute23/cam2.avi#f1602-1632,dataset/dataset/chute23/cam2.avi,1602,1632,2,1,共同漏报,0.22416466,0.34018419,0.29301755
dataset/dataset/chute23/cam2.avi#f1714-1744,dataset/dataset/chute23/cam2.avi,1714,1744,2,0,共同正确,0.15655358,0.26203928,0.24861385
dataset/dataset/chute23/cam2.avi#f3626-3656,dataset/dataset/chute23/cam2.avi,3626,3656,2,1,共同正确,0.99999055,0.99343975,0.93163195
dataset/dataset/chute23/cam2.avi#f4158-4188,dataset/dataset/chute23/cam2.avi,4158,4188,2,0,共同正确,0.15717661,0.21021572,0.25399273
dataset/dataset/chute23/cam5.avi#f1572-1602,dataset/dataset/chute23/cam5.avi,1572,1602,5,1,共同正确,0.81275166,0.73586177,0.53776244
dataset/dataset/chute23/cam4.avi#f708-738,dataset/dataset/chute23/cam4.avi,708,738,4,0,路线分歧,0.99995668,0.29374932,0.73565329
dataset/dataset/chute23/cam4.avi#f1565-1595,dataset/dataset/chute23/cam4.avi,1565,1595,4,1,共同漏报,0.15135892,0.28679931,0.30023147
dataset/dataset/chute23/cam4.avi#f1595-1625,dataset/dataset/chute23/cam4.avi,1595,1625,4,1,共同漏报,0.13150515,0.31626963,0.30128464
dataset/dataset/chute23/cam4.avi#f1707-1737,dataset/dataset/chute23/cam4.avi,1707,1737,4,0,共同正确,0.11650189,0.39596050,0.43076959
dataset/dataset/chute23/cam4.avi#f3619-3649,dataset/dataset/chute23/cam4.avi,3619,3649,4,1,共同漏报,0.19060730,0.14718095,0.23155836
dataset/dataset/chute23/cam4.avi#f4151-4181,dataset/dataset/chute23/cam4.avi,4151,4181,4,0,路线分歧,0.13404174,0.59333669,0.74858933
dataset/dataset/chute23/cam5.avi#f717-747,dataset/dataset/chute23/cam5.avi,717,747,5,0,路线分歧,0.16388405,0.64675306,0.71683763
dataset/dataset/chute23/cam5.avi#f1574-1604,dataset/dataset/chute23/cam5.avi,1574,1604,5,1,共同正确,0.82001186,0.73240477,0.54533390
dataset/dataset/chute23/cam5.avi#f1604-1634,dataset/dataset/chute23/cam5.avi,1604,1634,5,1,共同正确,0.81814064,0.79181762,0.65167626
dataset/dataset/chute23/cam5.avi#f1716-1746,dataset/dataset/chute23/cam5.avi,1716,1746,5,0,路线分歧,0.21392768,0.31246095,0.64959881
dataset/dataset/chute23/cam5.avi#f3628-3658,dataset/dataset/chute23/cam5.avi,3628,3658,5,1,共同正确,0.92158075,0.70172488,0.59198330
dataset/dataset/chute23/cam5.avi#f4160-4190,dataset/dataset/chute23/cam5.avi,4160,4190,5,0,共同正确,0.21069602,0.15468825,0.23107546
dataset/dataset/chute23/cam6.avi#f723-753,dataset/dataset/chute23/cam6.avi,723,753,6,0,共同正确,0.18510069,0.30220922,0.25196794
dataset/dataset/chute23/cam6.avi#f1580-1610,dataset/dataset/chute23/cam6.avi,1580,1610,6,1,共同漏报,0.13517756,0.39257423,0.26950682
dataset/dataset/chute23/cam6.avi#f1610-1640,dataset/dataset/chute23/cam6.avi,1610,1640,6,1,共同漏报,0.08524375,0.28140346,0.25094865
dataset/dataset/chute23/cam6.avi#f1722-1752,dataset/dataset/chute23/cam6.avi,1722,1752,6,0,共同正确,0.07782404,0.11568331,0.20462211
dataset/dataset/chute23/cam6.avi#f3634-3664,dataset/dataset/chute23/cam6.avi,3634,3664,6,1,共同漏报,0.07804009,0.15668015,0.21871356
dataset/dataset/chute23/cam6.avi#f4166-4196,dataset/dataset/chute23/cam6.avi,4166,4196,6,0,共同正确,0.17336292,0.36051529,0.27843678
dataset/dataset/chute23/cam7.avi#f713-743,dataset/dataset/chute23/cam7.avi,713,743,7,0,路线分歧,0.15538034,0.55539381,0.30214117
dataset/dataset/chute23/cam7.avi#f1570-1600,dataset/dataset/chute23/cam7.avi,1570,1600,7,1,路线分歧,0.79650997,0.47641645,0.30489491
dataset/dataset/chute23/cam7.avi#f1600-1630,dataset/dataset/chute23/cam7.avi,1600,1630,7,1,路线分歧,0.66086164,0.32823447,0.21354691
dataset/dataset/chute23/cam7.avi#f1712-1742,dataset/dataset/chute23/cam7.avi,1712,1742,7,0,共同正确,0.17040962,0.09890561,0.26632125
dataset/dataset/chute23/cam7.avi#f3624-3654,dataset/dataset/chute23/cam7.avi,3624,3654,7,1,共同漏报,0.12828824,0.29289330,0.27186065
dataset/dataset/chute23/cam7.avi#f4156-4186,dataset/dataset/chute23/cam7.avi,4156,4186,7,0,共同正确,0.09159466,0.23917040,0.33874080
dataset/dataset/chute23/cam8.avi#f663-693,dataset/dataset/chute23/cam8.avi,663,693,8,0,路线分歧,0.15124167,0.63830546,0.43160348
dataset/dataset/chute23/cam8.avi#f1520-1550,dataset/dataset/chute23/cam8.avi,1520,1550,8,1,共同正确,0.99708961,0.93566315,0.74966727
dataset/dataset/chute23/cam8.avi#f1550-1580,dataset/dataset/chute23/cam8.avi,1550,1580,8,1,共同正确,0.85218658,0.99554770,0.91378734
dataset/dataset/chute23/cam8.avi#f1662-1692,dataset/dataset/chute23/cam8.avi,1662,1692,8,0,共同正确,0.14171371,0.36094324,0.25428240
dataset/dataset/chute23/cam8.avi#f3574-3604,dataset/dataset/chute23/cam8.avi,3574,3604,8,1,共同正确,0.56777131,0.87599450,0.84705019
dataset/dataset/chute23/cam8.avi#f4106-4136,dataset/dataset/chute23/cam8.avi,4106,4136,8,0,共同正确,0.13512923,0.17880394,0.25147627
